artist_name,artist_uri,album_uri,album_name,album_img,album_type,is_collaboration,album_release_date,album_release_year,album_popularity,track_name,track_uri,track_number,disc_number,danceability,energy,key,loudness,mode,speechiness,acousticness,instrumentalness,liveness,valence,tempo,duration_ms,time_signature,key_mode,track_popularity,track_preview_url,track_open_spotify_url,year
The Beatles,3WrFJ7ztbogyGnTHbHJFl2,0ETFjACtuP2ADo6LFhL6HN,Abbey Road,https://i.scdn.co/image/a70b5fec5600e974f58259c5639f6b20f517dd5f,album,FALSE,1969-09-26,1969-09-26,79,Come Together - Remastered 2009,2EqlS6tkEnglzr7tkKAAYD,1,1,0.533,0.376,A,-11.913,minor,0.0393,0.0302,0.248,0.0926,0.187,165.007,259947,4,A minor,78,NA,https://open.spotify.com/track/2EqlS6tkEnglzr7tkKAAYD,1969
The Beatles,3WrFJ7ztbogyGnTHbHJFl2,0ETFjACtuP2ADo6LFhL6HN,Abbey Road,https://i.scdn.co/image/a70b5fec5600e974f58259c5639f6b20f517dd5f,album,FALSE,1969-09-26,1969-09-26,79,Something - Remastered 2009,0pNeVovbiZHkulpGeOx1Gj,2,1,0.396,0.338,C,-10.872,major,0.0304,0.198,2.62e-6,0.138,0.377,133.522,182293,4,C major,68,NA,https://open.spotify.com/track/0pNeVovbiZHkulpGeOx1Gj,1969
The Beatles,3WrFJ7ztbogyGnTHbHJFl2,0ETFjACtuP2ADo6LFhL6HN,Abbey Road,https://i.scdn.co/image/a70b5fec5600e974f58259c5639f6b20f517dd5f,album,FALSE,1969-09-26,1969-09-26,79,Maxwell's Silver Hammer - Remastered 2009,2S8xyNRJX1XQdo3qnTuovI,3,1,0.764,0.426,D,-11.045,major,0.0405,0.629,1.19e-4,0.132,0.726,131.12,207920,4,D major,58,NA,https://open.spotify.com/track/2S8xyNRJX1XQdo3qnTuovI,1969
The Beatles,3WrFJ7ztbogyGnTHbHJFl2,0ETFjACtuP2ADo6LFhL6HN,Abbey Road,https://i.scdn.co/image/a70b5fec5600e974f58259c5639f6b20f517dd5f,album,FALSE,1969-09-26,1969-09-26,79,Oh! Darling - Remastered 2009,2mxByJWOajjiVsLWjNXvDJ,4,1,0.422,0.656,E,-8.412,major,0.0397,0.0126,0.0279,0.268,0.549,173.93,207240,3,E major,65,NA,https://open.spotify.com/track/2mxByJWOajjiVsLWjNXvDJ,1969
The Beatles,3WrFJ7ztbogyGnTHbHJFl2,0ETFjACtuP2ADo6LFhL6HN,Abbey Road,https://i.scdn.co/image/a70b5fec5600e974f58259c5639f6b20f517dd5f,album,FALSE,1969-09-26,1969-09-26,79,Octopus's Garden - Remastered 2009,0suLngfo7rJoetk7Ub6N8l,5,1,0.626,0.512,C#,-9.15,minor,0.0247,0.155,4.65e-5,0.215,0.73,92.225,170720,4,C# minor,60,NA,https://open.spotify.com/track/0suLngfo7rJoetk7Ub6N8l,1969
The Beatles,3WrFJ7ztbogyGnTHbHJFl2,0ETFjACtuP2ADo6LFhL6HN,Abbey Road,https://i.scdn.co/image/a70b5fec5600e974f58259c5639f6b20f517dd5f,album,FALSE,1969-09-26,1969-09-26,79,I Want You (She's So Heavy) - Remastered 2009,3Z25k4ZF6QENy2d9YatsM5,6,1,0.37,0.515,D,-9.487,minor,0.0321,0.0233,0.205,0.0966,0.42,115.732,467320,4,D minor,61,NA,https://open.spotify.com/track/3Z25k4ZF6QENy2d9YatsM5,1969
The Beatles,3WrFJ7ztbogyGnTHbHJFl2,0ETFjACtuP2ADo6LFhL6HN,Abbey Road,https://i.scdn.co/image/a70b5fec5600e974f58259c5639f6b20f517dd5f,album,FALSE,1969-09-26,1969-09-26,79,Here Comes The Sun - Remastered 2009,6dGnYIeXmHdcikdzNNDMm2,7,1,0.557,0.54,A,-10.484,major,0.0347,0.0339,0.00248,0.179,0.394,129.171,185733,4,A major,81,NA,https://open.spotify.com/track/6dGnYIeXmHdcikdzNNDMm2,1969
The Beatles,3WrFJ7ztbogyGnTHbHJFl2,0ETFjACtuP2ADo6LFhL6HN,Abbey Road,https://i.scdn.co/image/a70b5fec5600e974f58259c5639f6b20f517dd5f,album,FALSE,1969-09-26,1969-09-26,79,Because - Remastered 2009,1rxoyGj1QuPoVi8fOft1Kt,8,1,0.328,0.249,D,-11.777,major,0.0272,0.754,5.77e-6,0.134,0.162,81.257,165667,4,D major,59,NA,https://open.spotify.com/track/1rxoyGj1QuPoVi8fOft1Kt,1969
The Beatles,3WrFJ7ztbogyGnTHbHJFl2,0ETFjACtuP2ADo6LFhL6HN,Abbey Road,https://i.scdn.co/image/a70b5fec5600e974f58259c5639f6b20f517dd5f,album,FALSE,1969-09-26,1969-09-26,79,You Never Give Me Your Money - Remastered 2009,1jOLTO379yIu9aMnCkpMQl,9,1,0.335,0.416,C,-11.051,major,0.0348,0.345,0.136,0.116,0.223,174.464,242973,3,C major,58,NA,https://open.spotify.com/track/1jOLTO379yIu9aMnCkpMQl,1969
The Beatles,3WrFJ7ztbogyGnTHbHJFl2,0ETFjACtuP2ADo6LFhL6HN,Abbey Road,https://i.scdn.co/image/a70b5fec5600e974f58259c5639f6b20f517dd5f,album,FALSE,1969-09-26,1969-09-26,79,Sun King - Remastered 2009,4nwKdZID1ht0lDBJ5h2p87,10,1,0.483,0.177,D,-17.629,major,0.0277,0.284,0.499,0.116,0.192,74.994,146267,4,D major,56,NA,https://open.spotify.com/track/4nwKdZID1ht0lDBJ5h2p87,1969
The Beatles,3WrFJ7ztbogyGnTHbHJFl2,0ETFjACtuP2ADo6LFhL6HN,Abbey Road,https://i.scdn.co/image/a70b5fec5600e974f58259c5639f6b20f517dd5f,album,FALSE,1969-09-26,1969-09-26,79,Mean Mr Mustard - Remastered 2009,4JOyMhad5dD81uGYLGgKrS,11,1,0.676,0.596,E,-9.107,major,0.0272,0.0699,1.96e-5,0.351,0.97,100.687,66533,4,E major,55,NA,https://open.spotify.com/track/4JOyMhad5dD81uGYLGgKrS,1969
The Beatles,3WrFJ7ztbogyGnTHbHJFl2,0ETFjACtuP2ADo6LFhL6HN,Abbey Road,https://i.scdn.co/image/a70b5fec5600e974f58259c5639f6b20f517dd5f,album,FALSE,1969-09-26,1969-09-26,79,Polythene Pam - Remastered 2009,1FTCA6wQwulQFokDddKE68,12,1,0.474,0.939,B,-8.884,minor,0.199,0.00472,0.674,0.19,0.499,166.829,72640,4,B minor,55,NA,https://open.spotify.com/track/1FTCA6wQwulQFokDddKE68,1969
The Beatles,3WrFJ7ztbogyGnTHbHJFl2,0ETFjACtuP2ADo6LFhL6HN,Abbey Road,https://i.scdn.co/image/a70b5fec5600e974f58259c5639f6b20f517dd5f,album,FALSE,1969-09-26,1969-09-26,79,She Came In Through The Bathroom Window - Remastered 2009,2jtUGFsqanQ82zqDlhiKIp,13,1,0.53,0.72,D,-8.793,major,0.0338,0.00376,3.38e-5,0.314,0.69,80.652,118627,4,D major,57,NA,https://open.spotify.com/track/2jtUGFsqanQ82zqDlhiKIp,1969
The Beatles,3WrFJ7ztbogyGnTHbHJFl2,0ETFjACtuP2ADo6LFhL6HN,Abbey Road,https://i.scdn.co/image/a70b5fec5600e974f58259c5639f6b20f517dd5f,album,FALSE,1969-09-26,1969-09-26,79,Golden Slumbers - Remastered 2009,01SfTM5nfCou5gQL70r6gs,14,1,0.419,0.152,C,-12.126,major,0.0277,0.326,0.0034,0.113,0.239,80.608,91760,4,C major,63,NA,https://open.spotify.com/track/01SfTM5nfCou5gQL70r6gs,1969
The Beatles,3WrFJ7ztbogyGnTHbHJFl2,0ETFjACtuP2ADo6LFhL6HN,Abbey Road,https://i.scdn.co/image/a70b5fec5600e974f58259c5639f6b20f517dd5f,album,FALSE,1969-09-26,1969-09-26,79,Carry That Weight - Remastered 2009,5eZrW59C3UgBhkqNlowEID,15,1,0.543,0.458,C,-8.976,major,0.0274,0.226,0.00663,0.298,0.704,84.319,96467,4,C major,58,NA,https://open.spotify.com/track/5eZrW59C3UgBhkqNlowEID,1969
The Beatles,3WrFJ7ztbogyGnTHbHJFl2,0ETFjACtuP2ADo6LFhL6HN,Abbey Road,https://i.scdn.co/image/a70b5fec5600e974f58259c5639f6b20f517dd5f,album,FALSE,1969-09-26,1969-09-26,79,The End - Remastered 2009,5aHHf6jrqDRb1fcBmue2kn,16,1,0.647,0.487,B,-10.119,minor,0.0689,0.00101,0.285,0.138,0.222,123.444,141613,1,B minor,57,NA,https://open.spotify.com/track/5aHHf6jrqDRb1fcBmue2kn,1969
The Beatles,3WrFJ7ztbogyGnTHbHJFl2,0ETFjACtuP2ADo6LFhL6HN,Abbey Road,https://i.scdn.co/image/a70b5fec5600e974f58259c5639f6b20f517dd5f,album,FALSE,1969-09-26,1969-09-26,79,Her Majesty - Remastered 2009,6UCFZ9ZOFRxK8oak7MdPZu,17,1,0.703,0.215,D,-23.03,major,0.0892,0.728,1.23e-6,0.13,0.522,100.874,25987,3,D major,22,NA,https://open.spotify.com/track/6UCFZ9ZOFRxK8oak7MdPZu,1969
The Beatles,3WrFJ7ztbogyGnTHbHJFl2,6wCttLq0ADzkPgtRnUihLV,A Hard Days Night,https://i.scdn.co/image/caf7bfb0e38cc21f2cfb0894464c8b92cf3dcfa8,album,FALSE,1964-07-10,1964-07-10,69,NA,NA,NA,NA,NA,NA,NA,NA,NA,NA,NA,NA,NA,NA,NA,NA,NA,NA,NA,NA,NA,1964
The Beatles,3WrFJ7ztbogyGnTHbHJFl2,1vANZV20H5B4Fk6yf7Ot9a,Beatles For Sale,https://i.scdn.co/image/7302b5d078763a9622ee25375d1643faf4737e64,album,FALSE,1964-12-04,1964-12-04,62,No Reply - Remastered 2009,4ltC6PrqkTtpcRNi5lvS4z,1,1,0.718,0.593,C,-9.976,major,0.0377,0.67,0,0.172,0.869,124.251,136067,4,C major,58,NA,https://open.spotify.com/track/4ltC6PrqkTtpcRNi5lvS4z,1964
The Beatles,3WrFJ7ztbogyGnTHbHJFl2,1vANZV20H5B4Fk6yf7Ot9a,Beatles For Sale,https://i.scdn.co/image/7302b5d078763a9622ee25375d1643faf4737e64,album,FALSE,1964-12-04,1964-12-04,62,I'm A Loser - Remastered 2009,7wC4EW11mBVxDK3xdC7FTf,2,1,0.492,0.628,G,-7.813,major,0.0439,0.567,1.07e-6,0.267,0.856,89.877,150027,4,G major,48,NA,https://open.spotify.com/track/7wC4EW11mBVxDK3xdC7FTf,1964
The Beatles,3WrFJ7ztbogyGnTHbHJFl2,1vANZV20H5B4Fk6yf7Ot9a,Beatles For Sale,https://i.scdn.co/image/7302b5d078763a9622ee25375d1643faf4737e64,album,FALSE,1964-12-04,1964-12-04,62,Baby's In Black - Remastered 2009,7cb2SdLm1UMLwdUoWwrZN1,3,1,0.374,0.596,A,-7.666,major,0.0416,0.434,0,0.098,0.876,202.97,124520,3,A major,46,NA,https://open.spotify.com/track/7cb2SdLm1UMLwdUoWwrZN1,1964
The Beatles,3WrFJ7ztbogyGnTHbHJFl2,1vANZV20H5B4Fk6yf7Ot9a,Beatles For Sale,https://i.scdn.co/image/7302b5d078763a9622ee25375d1643faf4737e64,album,FALSE,1964-12-04,1964-12-04,62,Rock And Roll Music - Remastered 2009,7Ho3T7ERfooiAfvODaMQ2N,4,1,0.457,0.917,A,-6.213,major,0.0441,0.566,0,0.333,0.965,167.092,151280,4,A major,50,NA,https://open.spotify.com/track/7Ho3T7ERfooiAfvODaMQ2N,1964
The Beatles,3WrFJ7ztbogyGnTHbHJFl2,1vANZV20H5B4Fk6yf7Ot9a,Beatles For Sale,https://i.scdn.co/image/7302b5d078763a9622ee25375d1643faf4737e64,album,FALSE,1964-12-04,1964-12-04,62,I'll Follow The Sun - Remastered 2009,45WX2cfbL8bCIqv3rOq1G3,5,1,0.689,0.313,C,-10.073,major,0.0366,0.789,0,0.144,0.625,133.754,108853,4,C major,59,NA,https://open.spotify.com/track/45WX2cfbL8bCIqv3rOq1G3,1964
The Beatles,3WrFJ7ztbogyGnTHbHJFl2,1vANZV20H5B4Fk6yf7Ot9a,Beatles For Sale,https://i.scdn.co/image/7302b5d078763a9622ee25375d1643faf4737e64,album,FALSE,1964-12-04,1964-12-04,62,Mr Moonlight - Remastered 2009,6pPOkr2OxhQ6htrzOiDmq9,6,1,0.631,0.424,F#,-9.106,major,0.0438,0.796,1.43e-4,0.118,0.589,126.127,158627,5,F# major,45,NA,https://open.spotify.com/track/6pPOkr2OxhQ6htrzOiDmq9,1964
The Beatles,3WrFJ7ztbogyGnTHbHJFl2,1vANZV20H5B4Fk6yf7Ot9a,Beatles For Sale,https://i.scdn.co/image/7302b5d078763a9622ee25375d1643faf4737e64,album,FALSE,1964-12-04,1964-12-04,62,Kansas City / Hey-Hey-Hey-Hey - Medley / Remastered 2009,5xf0zdP4KCfshyVn02D3Ea,7,1,0.588,0.724,G,-6.63,major,0.0335,0.614,8.92e-5,0.877,0.924,131.36,158147,4,G major,45,NA,https://open.spotify.com/track/5xf0zdP4KCfshyVn02D3Ea,1964
The Beatles,3WrFJ7ztbogyGnTHbHJFl2,1vANZV20H5B4Fk6yf7Ot9a,Beatles For Sale,https://i.scdn.co/image/7302b5d078763a9622ee25375d1643faf4737e64,album,FALSE,1964-12-04,1964-12-04,62,Eight Days A Week - Remastered 2009,1Dg4dFJr3HW7sbA7vPejre,8,1,0.652,0.583,A,-7.811,major,0.038,0.412,0,0.119,0.744,138.134,163600,4,A major,63,NA,https://open.spotify.com/track/1Dg4dFJr3HW7sbA7vPejre,1964
The Beatles,3WrFJ7ztbogyGnTHbHJFl2,1vANZV20H5B4Fk6yf7Ot9a,Beatles For Sale,https://i.scdn.co/image/7302b5d078763a9622ee25375d1643faf4737e64,album,FALSE,1964-12-04,1964-12-04,62,Words Of Love - Remastered 2009,42qkSeX6HNJYHxlk6cWoFe,9,1,0.551,0.533,A,-9.8,major,0.0297,0.323,0.722,0.173,0.85,122.358,124320,4,A major,48,NA,https://open.spotify.com/track/42qkSeX6HNJYHxlk6cWoFe,1964
The Beatles,3WrFJ7ztbogyGnTHbHJFl2,1vANZV20H5B4Fk6yf7Ot9a,Beatles For Sale,https://i.scdn.co/image/7302b5d078763a9622ee25375d1643faf4737e64,album,FALSE,1964-12-04,1964-12-04,62,Honey Don't - Remastered 2009,2d7GP7Fz1NrfPpo7MzWZgb,10,1,0.629,0.545,E,-11.466,major,0.0348,0.473,5.08e-5,0.0854,0.735,162.438,177427,4,E major,44,NA,https://open.spotify.com/track/2d7GP7Fz1NrfPpo7MzWZgb,1964
The Beatles,3WrFJ7ztbogyGnTHbHJFl2,1vANZV20H5B4Fk6yf7Ot9a,Beatles For Sale,https://i.scdn.co/image/7302b5d078763a9622ee25375d1643faf4737e64,album,FALSE,1964-12-04,1964-12-04,62,Every Little Thing - Remastered 2009,2CxTkdvhDuQrOxl8xXkdJS,11,1,0.74,0.49,D,-9.095,major,0.038,0.488,0,0.103,0.678,123.227,123800,4,D major,45,NA,https://open.spotify.com/track/2CxTkdvhDuQrOxl8xXkdJS,1964
The Beatles,3WrFJ7ztbogyGnTHbHJFl2,1vANZV20H5B4Fk6yf7Ot9a,Beatles For Sale,https://i.scdn.co/image/7302b5d078763a9622ee25375d1643faf4737e64,album,FALSE,1964-12-04,1964-12-04,62,I Don't Want To Spoil The Party - Remastered 2009,3kQDIa85ZK8cKVn72NfBnl,12,1,0.533,0.668,G,-7.237,major,0.033,0.451,0,0.149,0.889,95.438,154467,4,G major,44,NA,https://open.spotify.com/track/3kQDIa85ZK8cKVn72NfBnl,1964
The Beatles,3WrFJ7ztbogyGnTHbHJFl2,1vANZV20H5B4Fk6yf7Ot9a,Beatles For Sale,https://i.scdn.co/image/7302b5d078763a9622ee25375d1643faf4737e64,album,FALSE,1964-12-04,1964-12-04,62,What You're Doing - Remastered 2009,6C6y4OWK1Ki3FVF1TIonxW,13,1,0.695,0.53,D,-8.309,major,0.0403,0.301,2e-6,0.0583,0.825,129.506,150040,4,D major,45,NA,https://open.spotify.com/track/6C6y4OWK1Ki3FVF1TIonxW,1964
The Beatles,3WrFJ7ztbogyGnTHbHJFl2,1vANZV20H5B4Fk6yf7Ot9a,Beatles For Sale,https://i.scdn.co/image/7302b5d078763a9622ee25375d1643faf4737e64,album,FALSE,1964-12-04,1964-12-04,62,Everybody's Trying To Be My Baby - Remastered 2009,4DZAH8eiqSAkMIE9l5D71U,14,1,0.543,0.806,E,-7.231,major,0.0385,0.466,0,0.134,0.943,85.172,146e3,4,E major,45,NA,https://open.spotify.com/track/4DZAH8eiqSAkMIE9l5D71U,1964
The Beatles,3WrFJ7ztbogyGnTHbHJFl2,0PT5m6hwPRrpBwIHVnvbFX,Help!,https://i.scdn.co/image/100f7cc6ac8521ac70329e29bc8ccd8503e2bc8b,album,FALSE,1965-08-06,1965-08-06,72,Help! - Remastered 2009,7DD7eSuYSC5xk2ArU62esN,1,1,0.534,0.725,F#,-7.576,minor,0.0332,0.188,0,0.0994,0.763,95.003,139560,4,F# minor,68,NA,https://open.spotify.com/track/7DD7eSuYSC5xk2ArU62esN,1965
The Beatles,3WrFJ7ztbogyGnTHbHJFl2,0PT5m6hwPRrpBwIHVnvbFX,Help!,https://i.scdn.co/image/100f7cc6ac8521ac70329e29bc8ccd8503e2bc8b,album,FALSE,1965-08-06,1965-08-06,72,The Night Before - Remastered 2009,5xcfepnz1v7a83T8An9gjw,2,1,0.461,0.762,D,-6.727,major,0.0379,0.0537,0,0.238,0.632,84.496,154933,4,D major,57,NA,https://open.spotify.com/track/5xcfepnz1v7a83T8An9gjw,1965
The Beatles,3WrFJ7ztbogyGnTHbHJFl2,0PT5m6hwPRrpBwIHVnvbFX,Help!,https://i.scdn.co/image/100f7cc6ac8521ac70329e29bc8ccd8503e2bc8b,album,FALSE,1965-08-06,1965-08-06,72,You've Got To Hide Your Love Away - Remastered 2009,4F1AgKpuFRMLEgtPETVwZk,3,1,0.398,0.392,G,-9.05,major,0.0282,0.207,0,0.102,0.378,184.267,129120,3,G major,62,NA,https://open.spotify.com/track/4F1AgKpuFRMLEgtPETVwZk,1965
The Beatles,3WrFJ7ztbogyGnTHbHJFl2,0PT5m6hwPRrpBwIHVnvbFX,Help!,https://i.scdn.co/image/100f7cc6ac8521ac70329e29bc8ccd8503e2bc8b,album,FALSE,1965-08-06,1965-08-06,72,I Need You - Remastered 2009,5EzvwjFwdP5Kfl5AZAemzu,4,1,0.601,0.489,A,-8.554,major,0.0455,0.277,0,0.0988,0.638,136.215,148787,4,A major,53,NA,https://open.spotify.com/track/5EzvwjFwdP5Kfl5AZAemzu,1965
The Beatles,3WrFJ7ztbogyGnTHbHJFl2,0PT5m6hwPRrpBwIHVnvbFX,Help!,https://i.scdn.co/image/100f7cc6ac8521ac70329e29bc8ccd8503e2bc8b,album,FALSE,1965-08-06,1965-08-06,72,Another Girl - Remastered 2009,7hefVXaGsFPesbK6fKwS6F,5,1,0.516,0.638,A,-7.453,major,0.0314,0.238,0,0.333,0.822,88.657,125360,4,A major,49,NA,https://open.spotify.com/track/7hefVXaGsFPesbK6fKwS6F,1965
The Beatles,3WrFJ7ztbogyGnTHbHJFl2,0PT5m6hwPRrpBwIHVnvbFX,Help!,https://i.scdn.co/image/100f7cc6ac8521ac70329e29bc8ccd8503e2bc8b,album,FALSE,1965-08-06,1965-08-06,72,You're Going To Lose That Girl - Remastered 2009,70HNt0eoBVqr4ss68U8x3B,6,1,0.533,0.66,E,-7.694,major,0.0337,0.346,0,0.26,0.818,131.975,138667,4,E major,60,NA,https://open.spotify.com/track/70HNt0eoBVqr4ss68U8x3B,1965
The Beatles,3WrFJ7ztbogyGnTHbHJFl2,0PT5m6hwPRrpBwIHVnvbFX,Help!,https://i.scdn.co/image/100f7cc6ac8521ac70329e29bc8ccd8503e2bc8b,album,FALSE,1965-08-06,1965-08-06,72,Ticket To Ride - Remastered 2009,7CZiDzGVjUssMSOXrDNYHL,7,1,0.519,0.85,A,-6.777,major,0.0678,0.0457,0,0.233,0.749,123.419,189680,4,A major,65,NA,https://open.spotify.com/track/7CZiDzGVjUssMSOXrDNYHL,1965
The Beatles,3WrFJ7ztbogyGnTHbHJFl2,0PT5m6hwPRrpBwIHVnvbFX,Help!,https://i.scdn.co/image/100f7cc6ac8521ac70329e29bc8ccd8503e2bc8b,album,FALSE,1965-08-06,1965-08-06,72,Act Naturally - Remastered 2009,0IxxqsYBcCHEQ1HqLYJnwx,8,1,0.702,0.447,G,-10.122,major,0.0308,0.366,0,0.153,0.944,93.02,150373,4,G major,48,NA,https://open.spotify.com/track/0IxxqsYBcCHEQ1HqLYJnwx,1965
The Beatles,3WrFJ7ztbogyGnTHbHJFl2,0PT5m6hwPRrpBwIHVnvbFX,Help!,https://i.scdn.co/image/100f7cc6ac8521ac70329e29bc8ccd8503e2bc8b,album,FALSE,1965-08-06,1965-08-06,72,It's Only Love - Remastered 2009,2ue1KRstSKHF8jQkIJZiNC,9,1,0.629,0.551,C,-8.281,major,0.0256,0.22,0,0.0432,0.685,113.155,116480,3,C major,51,NA,https://open.spotify.com/track/2ue1KRstSKHF8jQkIJZiNC,1965
The Beatles,3WrFJ7ztbogyGnTHbHJFl2,0PT5m6hwPRrpBwIHVnvbFX,Help!,https://i.scdn.co/image/100f7cc6ac8521ac70329e29bc8ccd8503e2bc8b,album,FALSE,1965-08-06,1965-08-06,72,You Like Me Too Much - Remastered 2009,0y1LLH0NiwOD5tM3aNMXTr,10,1,0.555,0.57,G,-7.869,major,0.0302,0.415,0,0.191,0.899,88.316,156867,4,G major,47,NA,https://open.spotify.com/track/0y1LLH0NiwOD5tM3aNMXTr,1965
The Beatles,3WrFJ7ztbogyGnTHbHJFl2,0PT5m6hwPRrpBwIHVnvbFX,Help!,https://i.scdn.co/image/100f7cc6ac8521ac70329e29bc8ccd8503e2bc8b,album,FALSE,1965-08-06,1965-08-06,72,Tell Me What You See - Remastered 2009,2jnr9KaaMAmvk0zMcM9UzV,11,1,0.592,0.796,G,-8.125,major,0.0429,0.061,0,0.131,0.7,136.675,157987,4,G major,47,NA,https://open.spotify.com/track/2jnr9KaaMAmvk0zMcM9UzV,1965
The Beatles,3WrFJ7ztbogyGnTHbHJFl2,0PT5m6hwPRrpBwIHVnvbFX,Help!,https://i.scdn.co/image/100f7cc6ac8521ac70329e29bc8ccd8503e2bc8b,album,FALSE,1965-08-06,1965-08-06,72,I've Just Seen A Face - Remastered 2009,788U1Sqej9M6c4iikuDGxO,12,1,0.647,0.56,A,-8.809,major,0.0387,0.723,0,0.118,0.913,120.418,125040,3,A major,61,NA,https://open.spotify.com/track/788U1Sqej9M6c4iikuDGxO,1965
The Beatles,3WrFJ7ztbogyGnTHbHJFl2,0PT5m6hwPRrpBwIHVnvbFX,Help!,https://i.scdn.co/image/100f7cc6ac8521ac70329e29bc8ccd8503e2bc8b,album,FALSE,1965-08-06,1965-08-06,72,Yesterday - Remastered 2009,3BQHpFgAp4l80e1XslIjNI,13,1,0.332,0.179,F,-11.83,major,0.0326,0.879,0,0.0886,0.315,96.529,125667,4,F major,73,NA,https://open.spotify.com/track/3BQHpFgAp4l80e1XslIjNI,1965
The Beatles,3WrFJ7ztbogyGnTHbHJFl2,0PT5m6hwPRrpBwIHVnvbFX,Help!,https://i.scdn.co/image/100f7cc6ac8521ac70329e29bc8ccd8503e2bc8b,album,FALSE,1965-08-06,1965-08-06,72,Dizzy Miss Lizzy - Remastered 2009,70Dohn82wv6VtxGesqRzbZ,14,1,0.373,0.934,A,-6.753,major,0.0591,0.116,0.00445,0.0962,0.918,136.037,176507,4,A major,47,NA,https://open.spotify.com/track/70Dohn82wv6VtxGesqRzbZ,1965
The Beatles,3WrFJ7ztbogyGnTHbHJFl2,0jTGHV5xqHPvEcwL8f6YU5,Let It Be,https://i.scdn.co/image/920142fb308970e28aade4a288041a4d1b8f9519,album,FALSE,1970-05-08,1970-05-08,72,Two Of Us - Remastered 2009,0CaBBQsaAiRHhiLmzi7ZRp,1,1,0.726,0.702,G,-10.757,major,0.032,0.0974,3.46e-5,0.239,0.931,109.114,216813,4,G major,54,NA,https://open.spotify.com/track/0CaBBQsaAiRHhiLmzi7ZRp,1970
The Beatles,3WrFJ7ztbogyGnTHbHJFl2,0jTGHV5xqHPvEcwL8f6YU5,Let It Be,https://i.scdn.co/image/920142fb308970e28aade4a288041a4d1b8f9519,album,FALSE,1970-05-08,1970-05-08,72,Dig A Pony - Remastered 2009,4OUmlC67FoPLvQNuE5C7kF,2,1,0.538,0.478,B,-8.957,minor,0.0388,0.472,0,0.17,0.527,59.004,235e3,4,B minor,51,NA,https://open.spotify.com/track/4OUmlC67FoPLvQNuE5C7kF,1970
The Beatles,3WrFJ7ztbogyGnTHbHJFl2,0jTGHV5xqHPvEcwL8f6YU5,Let It Be,https://i.scdn.co/image/920142fb308970e28aade4a288041a4d1b8f9519,album,FALSE,1970-05-08,1970-05-08,72,Across The Universe - Remastered 2009,4dkoqJrP0L8FXftrMZongF,3,1,0.257,0.412,C#,-11.788,major,0.0287,0.361,8.68e-5,0.0702,0.858,152.126,228133,4,C# major,64,NA,https://open.spotify.com/track/4dkoqJrP0L8FXftrMZongF,1970
The Beatles,3WrFJ7ztbogyGnTHbHJFl2,0jTGHV5xqHPvEcwL8f6YU5,Let It Be,https://i.scdn.co/image/920142fb308970e28aade4a288041a4d1b8f9519,album,FALSE,1970-05-08,1970-05-08,72,I Me Mine - Remastered 2009,2BMqay80iBzZTa608Y1eG1,4,1,0.291,0.638,A,-7.854,minor,0.0554,0.179,0,0.101,0.525,185.235,145587,3,A minor,52,NA,https://open.spotify.com/track/2BMqay80iBzZTa608Y1eG1,1970
The Beatles,3WrFJ7ztbogyGnTHbHJFl2,0jTGHV5xqHPvEcwL8f6YU5,Let It Be,https://i.scdn.co/image/920142fb308970e28aade4a288041a4d1b8f9519,album,FALSE,1970-05-08,1970-05-08,72,Dig It - Remastered 2009,0eRyOunOVBChlXxIvqwOxH,5,1,0.54,0.489,F,-12.276,major,0.117,0.659,0.0019,0.457,0.67,157.03,50467,3,F major,47,NA,https://open.spotify.com/track/0eRyOunOVBChlXxIvqwOxH,1970
The Beatles,3WrFJ7ztbogyGnTHbHJFl2,0jTGHV5xqHPvEcwL8f6YU5,Let It Be,https://i.scdn.co/image/920142fb308970e28aade4a288041a4d1b8f9519,album,FALSE,1970-05-08,1970-05-08,72,Let It Be - Remastered 2009,7iN1s7xHE4ifF5povM6A48,6,1,0.443,0.403,C,-8.339,major,0.0322,0.631,0,0.111,0.41,143.462,243027,4,C major,77,NA,https://open.spotify.com/track/7iN1s7xHE4ifF5povM6A48,1970
The Beatles,3WrFJ7ztbogyGnTHbHJFl2,0jTGHV5xqHPvEcwL8f6YU5,Let It Be,https://i.scdn.co/image/920142fb308970e28aade4a288041a4d1b8f9519,album,FALSE,1970-05-08,1970-05-08,72,Maggie Mae - Remastered 2009,2VsX1BoWSGiuVXGiFSUr6h,7,1,0.516,0.515,D,-12.035,minor,0.215,0.379,0,0.103,0.524,169.039,40040,4,D minor,48,NA,https://open.spotify.com/track/2VsX1BoWSGiuVXGiFSUr6h,1970
The Beatles,3WrFJ7ztbogyGnTHbHJFl2,0jTGHV5xqHPvEcwL8f6YU5,Let It Be,https://i.scdn.co/image/920142fb308970e28aade4a288041a4d1b8f9519,album,FALSE,1970-05-08,1970-05-08,72,I've Got A Feeling - Remastered 2009,3gwRWIbr5ycEVLIAXrWaw7,8,1,0.44,0.609,D,-8.824,major,0.0358,0.0715,0,0.582,0.364,165.156,217560,4,D major,53,NA,https://open.spotify.com/track/3gwRWIbr5ycEVLIAXrWaw7,1970
The Beatles,3WrFJ7ztbogyGnTHbHJFl2,0jTGHV5xqHPvEcwL8f6YU5,Let It Be,https://i.scdn.co/image/920142fb308970e28aade4a288041a4d1b8f9519,album,FALSE,1970-05-08,1970-05-08,72,One After 909 - Remastered 2009,50qHmeex1nPTyQTwBXjSE4,9,1,0.554,0.828,E,-6.435,major,0.0739,0.0307,0,0.907,0.888,90.95,173960,4,E major,48,NA,https://open.spotify.com/track/50qHmeex1nPTyQTwBXjSE4,1970
The Beatles,3WrFJ7ztbogyGnTHbHJFl2,0jTGHV5xqHPvEcwL8f6YU5,Let It Be,https://i.scdn.co/image/920142fb308970e28aade4a288041a4d1b8f9519,album,FALSE,1970-05-08,1970-05-08,72,The Long And Winding Road - Remastered 2009,3mlMpmY8oZIBFc39D9zLbh,10,1,0.299,0.329,D#,-10.096,major,0.0279,0.756,0.0105,0.0559,0.392,132.282,218187,4,D# major,60,NA,https://open.spotify.com/track/3mlMpmY8oZIBFc39D9zLbh,1970
The Beatles,3WrFJ7ztbogyGnTHbHJFl2,0jTGHV5xqHPvEcwL8f6YU5,Let It Be,https://i.scdn.co/image/920142fb308970e28aade4a288041a4d1b8f9519,album,FALSE,1970-05-08,1970-05-08,72,For You Blue - Remastered 2009,5dpRJkvY8oWMQmQbEQTXhO,11,1,0.88,0.556,D,-10.773,major,0.0855,0.24,0.0483,0.24,0.955,128.542,152213,4,D major,49,NA,https://open.spotify.com/track/5dpRJkvY8oWMQmQbEQTXhO,1970
The Beatles,3WrFJ7ztbogyGnTHbHJFl2,0jTGHV5xqHPvEcwL8f6YU5,Let It Be,https://i.scdn.co/image/920142fb308970e28aade4a288041a4d1b8f9519,album,FALSE,1970-05-08,1970-05-08,72,Get Back - Remastered 2009,4MLBqAEzNN89o2M9h92Z26,12,1,0.761,0.592,D,-9.836,major,0.0586,0.492,0.00626,0.61,0.332,123.095,189387,4,D major,65,NA,https://open.spotify.com/track/4MLBqAEzNN89o2M9h92Z26,1970
The Beatles,3WrFJ7ztbogyGnTHbHJFl2,2BtE7qm1qzM80p9vLSiXkj,Magical Mystery Tour,https://i.scdn.co/image/5285883c36ac02d3437a5af91924843629b489c3,album,FALSE,1967-11-27,1967-11-27,69,Magical Mystery Tour - Remastered 2009,0qHMhBZqYb99yhX9BHcIkV,1,1,0.297,0.613,A,-9.065,major,0.0931,0.0385,3.98e-5,0.0734,0.338,170.962,170107,4,A major,53,NA,https://open.spotify.com/track/0qHMhBZqYb99yhX9BHcIkV,1967
The Beatles,3WrFJ7ztbogyGnTHbHJFl2,2BtE7qm1qzM80p9vLSiXkj,Magical Mystery Tour,https://i.scdn.co/image/5285883c36ac02d3437a5af91924843629b489c3,album,FALSE,1967-11-27,1967-11-27,69,The Fool On The Hill - Remastered 2009,6rHh8urosEFRI67xVa6fzU,2,1,0.356,0.26,E,-10.577,minor,0.0314,0.913,2.1e-6,0.105,0.49,144.184,179107,4,E minor,57,NA,https://open.spotify.com/track/6rHh8urosEFRI67xVa6fzU,1967
The Beatles,3WrFJ7ztbogyGnTHbHJFl2,2BtE7qm1qzM80p9vLSiXkj,Magical Mystery Tour,https://i.scdn.co/image/5285883c36ac02d3437a5af91924843629b489c3,album,FALSE,1967-11-27,1967-11-27,69,Flying - Remastered 2009,1itLKsCWHtLnxALkgBk1Fa,3,1,0.551,0.395,C,-14.755,major,0.0501,0.368,0.88,0.0932,0.261,92.929,135520,4,C major,50,NA,https://open.spotify.com/track/1itLKsCWHtLnxALkgBk1Fa,1967
The Beatles,3WrFJ7ztbogyGnTHbHJFl2,2BtE7qm1qzM80p9vLSiXkj,Magical Mystery Tour,https://i.scdn.co/image/5285883c36ac02d3437a5af91924843629b489c3,album,FALSE,1967-11-27,1967-11-27,69,Blue Jay Way - Remastered 2009,0QIX9BS0AUCQcHYvyrsMkV,4,1,0.294,0.407,C,-11.575,major,0.0308,0.0258,2.19e-4,0.0852,0.0378,101.052,235067,4,C major,50,NA,https://open.spotify.com/track/0QIX9BS0AUCQcHYvyrsMkV,1967
The Beatles,3WrFJ7ztbogyGnTHbHJFl2,2BtE7qm1qzM80p9vLSiXkj,Magical Mystery Tour,https://i.scdn.co/image/5285883c36ac02d3437a5af91924843629b489c3,album,FALSE,1967-11-27,1967-11-27,69,Your Mother Should Know - Remastered 2009,1dxbAIfCASqv6jix2R1Taj,5,1,0.698,0.293,C,-11.361,major,0.0332,0.784,0.0106,0.0936,0.724,117.613,148413,4,C major,54,NA,https://open.spotify.com/track/1dxbAIfCASqv6jix2R1Taj,1967
The Beatles,3WrFJ7ztbogyGnTHbHJFl2,2BtE7qm1qzM80p9vLSiXkj,Magical Mystery Tour,https://i.scdn.co/image/5285883c36ac02d3437a5af91924843629b489c3,album,FALSE,1967-11-27,1967-11-27,69,I Am The Walrus - Remastered 2009,6Pq9MmkDQYZiiCDpxnvrf6,6,1,0.401,0.556,D,-10.532,major,0.0513,0.0828,3.59e-4,0.589,0.654,85.206,275867,4,D major,63,NA,https://open.spotify.com/track/6Pq9MmkDQYZiiCDpxnvrf6,1967
The Beatles,3WrFJ7ztbogyGnTHbHJFl2,2BtE7qm1qzM80p9vLSiXkj,Magical Mystery Tour,https://i.scdn.co/image/5285883c36ac02d3437a5af91924843629b489c3,album,FALSE,1967-11-27,1967-11-27,69,"Hello, Goodbye - Remastered 2009",0vZ97gHhemKm6c64hTfJNA,7,1,0.479,0.733,C,-8.753,major,0.0256,0.306,2.4e-5,0.414,0.806,99.307,208840,4,C major,64,NA,https://open.spotify.com/track/0vZ97gHhemKm6c64hTfJNA,1967
The Beatles,3WrFJ7ztbogyGnTHbHJFl2,2BtE7qm1qzM80p9vLSiXkj,Magical Mystery Tour,https://i.scdn.co/image/5285883c36ac02d3437a5af91924843629b489c3,album,FALSE,1967-11-27,1967-11-27,69,Strawberry Fields Forever - Remastered 2009,3Am0IbOxmvlSXro7N5iSfZ,8,1,0.39,0.502,A#,-12.277,major,0.178,0.336,1.38e-4,0.0713,0.289,97.871,247320,4,A# major,66,NA,https://open.spotify.com/track/3Am0IbOxmvlSXro7N5iSfZ,1967
The Beatles,3WrFJ7ztbogyGnTHbHJFl2,2BtE7qm1qzM80p9vLSiXkj,Magical Mystery Tour,https://i.scdn.co/image/5285883c36ac02d3437a5af91924843629b489c3,album,FALSE,1967-11-27,1967-11-27,69,Penny Lane - Remastered 2009,1h04XMpzGzmAudoI6VHBgA,9,1,0.651,0.488,A,-8.22,major,0.0316,0.212,0.026,0.136,0.49,113.038,180893,4,A major,54,NA,https://open.spotify.com/track/1h04XMpzGzmAudoI6VHBgA,1967
The Beatles,3WrFJ7ztbogyGnTHbHJFl2,2BtE7qm1qzM80p9vLSiXkj,Magical Mystery Tour,https://i.scdn.co/image/5285883c36ac02d3437a5af91924843629b489c3,album,FALSE,1967-11-27,1967-11-27,69,"Baby, You're A Rich Man - Remastered 2009",0JBvtprXP2Z0LP3jmzA7Xp,10,1,0.619,0.625,G,-9.635,major,0.036,0.0119,1.05e-6,0.152,0.467,96.751,181307,4,G major,57,NA,https://open.spotify.com/track/0JBvtprXP2Z0LP3jmzA7Xp,1967
The Beatles,3WrFJ7ztbogyGnTHbHJFl2,2BtE7qm1qzM80p9vLSiXkj,Magical Mystery Tour,https://i.scdn.co/image/5285883c36ac02d3437a5af91924843629b489c3,album,FALSE,1967-11-27,1967-11-27,69,All You Need Is Love - Remastered 2009,68BTFws92cRztMS1oQ7Ewj,11,1,0.4,0.48,G,-7.768,major,0.0295,0.346,3.1e-5,0.155,0.653,103.436,230387,4,G major,65,NA,https://open.spotify.com/track/68BTFws92cRztMS1oQ7Ewj,1967
The Beatles,3WrFJ7ztbogyGnTHbHJFl2,3KzAvEXcqJKBF97HrXwlgf,Please Please Me,https://i.scdn.co/image/215742dc3f7ec9ca88445d5549975a6998e8376c,album,FALSE,1963-03-22,1963-03-22,72,I Saw Her Standing There - Remastered 2009,3KiexfmhxHvG5IgAElmTkd,1,1,0.491,0.801,E,-9.835,major,0.0361,0.27,0,0.0665,0.971,160.109,173947,4,E major,66,NA,https://open.spotify.com/track/3KiexfmhxHvG5IgAElmTkd,1963
The Beatles,3WrFJ7ztbogyGnTHbHJFl2,3KzAvEXcqJKBF97HrXwlgf,Please Please Me,https://i.scdn.co/image/215742dc3f7ec9ca88445d5549975a6998e8376c,album,FALSE,1963-03-22,1963-03-22,72,Misery - Remastered 2009,40qXGg5nRbcWzcFb26KWkQ,2,1,0.591,0.605,C,-10.925,major,0.0413,0.707,0,0.309,0.882,133.348,108547,4,C major,50,NA,https://open.spotify.com/track/40qXGg5nRbcWzcFb26KWkQ,1963
The Beatles,3WrFJ7ztbogyGnTHbHJFl2,3KzAvEXcqJKBF97HrXwlgf,Please Please Me,https://i.scdn.co/image/215742dc3f7ec9ca88445d5549975a6998e8376c,album,FALSE,1963-03-22,1963-03-22,72,Anna (Go To Him) - Remastered 2009,2baEFuU0gQon0hgVRioI1o,3,1,0.608,0.565,D,-11.06,major,0.0336,0.635,0,0.0601,0.835,109.286,177133,4,D major,58,NA,https://open.spotify.com/track/2baEFuU0gQon0hgVRioI1o,1963
The Beatles,3WrFJ7ztbogyGnTHbHJFl2,3KzAvEXcqJKBF97HrXwlgf,Please Please Me,https://i.scdn.co/image/215742dc3f7ec9ca88445d5549975a6998e8376c,album,FALSE,1963-03-22,1963-03-22,72,Chains - Remastered 2009,3JQWLa88R35d971o5bIImd,4,1,0.654,0.561,A#,-10.551,major,0.0304,0.608,0,0.129,0.929,129.884,145080,4,A# major,47,NA,https://open.spotify.com/track/3JQWLa88R35d971o5bIImd,1963
The Beatles,3WrFJ7ztbogyGnTHbHJFl2,3KzAvEXcqJKBF97HrXwlgf,Please Please Me,https://i.scdn.co/image/215742dc3f7ec9ca88445d5549975a6998e8376c,album,FALSE,1963-03-22,1963-03-22,72,Boys - Remastered 2009,7JxGM1R32ZqfwZou3VtnTg,5,1,0.402,0.86,E,-10.31,major,0.0504,0.607,0,0.736,0.822,142.445,146440,4,E major,49,NA,https://open.spotify.com/track/7JxGM1R32ZqfwZou3VtnTg,1963
The Beatles,3WrFJ7ztbogyGnTHbHJFl2,3KzAvEXcqJKBF97HrXwlgf,Please Please Me,https://i.scdn.co/image/215742dc3f7ec9ca88445d5549975a6998e8376c,album,FALSE,1963-03-22,1963-03-22,72,Ask Me Why - Remastered 2009,7529Z6b1rlGZFFPWjHPeV5,6,1,0.605,0.394,E,-11.33,major,0.0378,0.767,0,0.0967,0.597,133.942,146533,4,E major,49,NA,https://open.spotify.com/track/7529Z6b1rlGZFFPWjHPeV5,1963
The Beatles,3WrFJ7ztbogyGnTHbHJFl2,3KzAvEXcqJKBF97HrXwlgf,Please Please Me,https://i.scdn.co/image/215742dc3f7ec9ca88445d5549975a6998e8376c,album,FALSE,1963-03-22,1963-03-22,72,Please Please Me - Remastered 2009,6EHuOufBeL6vk3TvVJB5qo,7,1,0.527,0.48,E,-9.61,major,0.028,0.334,0,0.0702,0.706,139.388,120853,4,E major,60,NA,https://open.spotify.com/track/6EHuOufBeL6vk3TvVJB5qo,1963
The Beatles,3WrFJ7ztbogyGnTHbHJFl2,3KzAvEXcqJKBF97HrXwlgf,Please Please Me,https://i.scdn.co/image/215742dc3f7ec9ca88445d5549975a6998e8376c,album,FALSE,1963-03-22,1963-03-22,72,Love Me Do - Remastered 2009,3VbGCXWRiouAq8VyMYN2MI,8,1,0.52,0.829,C,-6.228,major,0.0806,0.386,6.2e-5,0.227,0.744,147.997,141693,4,C major,66,NA,https://open.spotify.com/track/3VbGCXWRiouAq8VyMYN2MI,1963
The Beatles,3WrFJ7ztbogyGnTHbHJFl2,3KzAvEXcqJKBF97HrXwlgf,Please Please Me,https://i.scdn.co/image/215742dc3f7ec9ca88445d5549975a6998e8376c,album,FALSE,1963-03-22,1963-03-22,72,P.S. I Love You - Remastered 2009,7Msq9qojB7yORuJvz49iUy,9,1,0.635,0.656,D,-8.5,major,0.0291,0.389,0.00127,0.0828,0.77,134.435,124360,4,D major,50,NA,https://open.spotify.com/track/7Msq9qojB7yORuJvz49iUy,1963
The Beatles,3WrFJ7ztbogyGnTHbHJFl2,3KzAvEXcqJKBF97HrXwlgf,Please Please Me,https://i.scdn.co/image/215742dc3f7ec9ca88445d5549975a6998e8376c,album,FALSE,1963-03-22,1963-03-22,72,Baby It's You - Remastered 2009,2VmB1rF9FtfKUmFHDVnq8Q,10,1,0.608,0.494,E,-12.211,minor,0.0345,0.778,0,0.0926,0.879,112.421,160520,4,E minor,58,NA,https://open.spotify.com/track/2VmB1rF9FtfKUmFHDVnq8Q,1963
The Beatles,3WrFJ7ztbogyGnTHbHJFl2,3KzAvEXcqJKBF97HrXwlgf,Please Please Me,https://i.scdn.co/image/215742dc3f7ec9ca88445d5549975a6998e8376c,album,FALSE,1963-03-22,1963-03-22,72,Do You Want To Know A Secret - Remastered 2009,7Aobt67JnaF7qN8jCCKvHq,11,1,0.673,0.349,E,-12.414,major,0.0368,0.608,0,0.38,0.609,124.451,117013,4,E major,60,NA,https://open.spotify.com/track/7Aobt67JnaF7qN8jCCKvHq,1963
The Beatles,3WrFJ7ztbogyGnTHbHJFl2,3KzAvEXcqJKBF97HrXwlgf,Please Please Me,https://i.scdn.co/image/215742dc3f7ec9ca88445d5549975a6998e8376c,album,FALSE,1963-03-22,1963-03-22,72,A Taste Of Honey - Remastered 2009,7fh53ta3vAOGJMQ4i5tCHe,12,1,0.42,0.372,C#,-11.416,minor,0.0327,0.698,0,0.104,0.412,101.408,123480,3,C# minor,47,NA,https://open.spotify.com/track/7fh53ta3vAOGJMQ4i5tCHe,1963
The Beatles,3WrFJ7ztbogyGnTHbHJFl2,3KzAvEXcqJKBF97HrXwlgf,Please Please Me,https://i.scdn.co/image/215742dc3f7ec9ca88445d5549975a6998e8376c,album,FALSE,1963-03-22,1963-03-22,72,There's A Place - Remastered 2009,4dessGxnKXmTbHPhVgqODq,13,1,0.455,0.582,E,-10.009,major,0.0292,0.629,4.22e-6,0.172,0.927,140.928,110493,4,E major,47,NA,https://open.spotify.com/track/4dessGxnKXmTbHPhVgqODq,1963
The Beatles,3WrFJ7ztbogyGnTHbHJFl2,3KzAvEXcqJKBF97HrXwlgf,Please Please Me,https://i.scdn.co/image/215742dc3f7ec9ca88445d5549975a6998e8376c,album,FALSE,1963-03-22,1963-03-22,72,Twist And Shout - Remastered 2009,5ZBeML7Lf3FMEVviTyvi8l,14,1,0.482,0.849,D,-9.198,major,0.0452,0.641,7.74e-6,0.0414,0.937,124.631,155227,4,D major,74,NA,https://open.spotify.com/track/5ZBeML7Lf3FMEVviTyvi8l,1963
The Beatles,3WrFJ7ztbogyGnTHbHJFl2,3PRoXYsngSwjEQWR5PsHWR,Revolver,https://i.scdn.co/image/af77b3742860d1d00509c22441bd65a470f74ada,album,FALSE,1966-08-05,1966-08-05,70,Taxman - Remastered 2009,4BRkPBUxOYffM2QXVlq7aC,1,1,0.469,0.596,G,-8.348,major,0.0749,0.0101,0,0.321,0.783,133.586,158853,4,G major,60,NA,https://open.spotify.com/track/4BRkPBUxOYffM2QXVlq7aC,1966
The Beatles,3WrFJ7ztbogyGnTHbHJFl2,3PRoXYsngSwjEQWR5PsHWR,Revolver,https://i.scdn.co/image/af77b3742860d1d00509c22441bd65a470f74ada,album,FALSE,1966-08-05,1966-08-05,70,Eleanor Rigby - Remastered 2009,5GjPQ0eI7AgmOnADn1EO6Q,2,1,0.581,0.28,E,-9.091,minor,0.0381,0.936,1.56e-5,0.305,0.813,137.831,126533,4,E minor,67,NA,https://open.spotify.com/track/5GjPQ0eI7AgmOnADn1EO6Q,1966
The Beatles,3WrFJ7ztbogyGnTHbHJFl2,3PRoXYsngSwjEQWR5PsHWR,Revolver,https://i.scdn.co/image/af77b3742860d1d00509c22441bd65a470f74ada,album,FALSE,1966-08-05,1966-08-05,70,I'm Only Sleeping - Remastered 2009,2ylCrFiBu98SC0vFfaCent,3,1,0.494,0.47,G#,-9.599,minor,0.0301,0.21,0,0.28,0.698,103.477,180320,4,G# minor,60,NA,https://open.spotify.com/track/2ylCrFiBu98SC0vFfaCent,1966
The Beatles,3WrFJ7ztbogyGnTHbHJFl2,3PRoXYsngSwjEQWR5PsHWR,Revolver,https://i.scdn.co/image/af77b3742860d1d00509c22441bd65a470f74ada,album,FALSE,1966-08-05,1966-08-05,70,Love You To - Remastered 2009,4RdJFhfLQcezwN5LsXl4qP,4,1,0.391,0.593,F,-8.999,major,0.0413,0.7,2.49e-4,0.0829,0.707,123.986,179827,4,F major,53,NA,https://open.spotify.com/track/4RdJFhfLQcezwN5LsXl4qP,1966
The Beatles,3WrFJ7ztbogyGnTHbHJFl2,3PRoXYsngSwjEQWR5PsHWR,Revolver,https://i.scdn.co/image/af77b3742860d1d00509c22441bd65a470f74ada,album,FALSE,1966-08-05,1966-08-05,70,"Here, There And Everywhere - Remastered 2009",2B4Y9u4ERAFiMo13XPJyGP,5,1,0.29,0.247,G,-12.125,major,0.0383,0.921,0.00565,0.0917,0.36,165.361,144880,4,G major,59,NA,https://open.spotify.com/track/2B4Y9u4ERAFiMo13XPJyGP,1966
The Beatles,3WrFJ7ztbogyGnTHbHJFl2,3PRoXYsngSwjEQWR5PsHWR,Revolver,https://i.scdn.co/image/af77b3742860d1d00509c22441bd65a470f74ada,album,FALSE,1966-08-05,1966-08-05,70,Yellow Submarine - Remastered 2009,50xwQXPtfNZFKFeZ0XePWc,6,1,0.604,0.549,C#,-9.873,major,0.0389,0.531,0,0.438,0.696,111.398,158880,4,C# major,65,NA,https://open.spotify.com/track/50xwQXPtfNZFKFeZ0XePWc,1966
The Beatles,3WrFJ7ztbogyGnTHbHJFl2,3PRoXYsngSwjEQWR5PsHWR,Revolver,https://i.scdn.co/image/af77b3742860d1d00509c22441bd65a470f74ada,album,FALSE,1966-08-05,1966-08-05,70,She Said She Said - Remastered 2009,3VSuWxZM6x6V3ig5nYtikL,7,1,0.329,0.678,D#,-7.878,major,0.0344,0.103,0.168,0.843,0.672,106.476,156040,4,D# major,54,NA,https://open.spotify.com/track/3VSuWxZM6x6V3ig5nYtikL,1966
The Beatles,3WrFJ7ztbogyGnTHbHJFl2,3PRoXYsngSwjEQWR5PsHWR,Revolver,https://i.scdn.co/image/af77b3742860d1d00509c22441bd65a470f74ada,album,FALSE,1966-08-05,1966-08-05,70,Good Day Sunshine - Remastered 2009,7HTH1ppjkkOe7RLoBDKXYJ,8,1,0.77,0.496,B,-8.45,major,0.0468,0.719,0,0.123,0.571,117.331,129293,3,B major,58,NA,https://open.spotify.com/track/7HTH1ppjkkOe7RLoBDKXYJ,1966
The Beatles,3WrFJ7ztbogyGnTHbHJFl2,3PRoXYsngSwjEQWR5PsHWR,Revolver,https://i.scdn.co/image/af77b3742860d1d00509c22441bd65a470f74ada,album,FALSE,1966-08-05,1966-08-05,70,And Your Bird Can Sing - Remastered 2009,4KRgqwb4kvBuTz1utbYxfb,9,1,0.555,0.65,E,-6.936,major,0.0282,0.0067,0.0491,0.236,0.966,132.59,120493,4,E major,58,NA,https://open.spotify.com/track/4KRgqwb4kvBuTz1utbYxfb,1966
The Beatles,3WrFJ7ztbogyGnTHbHJFl2,3PRoXYsngSwjEQWR5PsHWR,Revolver,https://i.scdn.co/image/af77b3742860d1d00509c22441bd65a470f74ada,album,FALSE,1966-08-05,1966-08-05,70,For No One - Remastered 2009,1kDkaFlmkdEZiVUogaP9OZ,10,1,0.483,0.351,C#,-10.487,minor,0.0278,0.783,0,0.115,0.713,81.208,119813,4,C# minor,62,NA,https://open.spotify.com/track/1kDkaFlmkdEZiVUogaP9OZ,1966
The Beatles,3WrFJ7ztbogyGnTHbHJFl2,3PRoXYsngSwjEQWR5PsHWR,Revolver,https://i.scdn.co/image/af77b3742860d1d00509c22441bd65a470f74ada,album,FALSE,1966-08-05,1966-08-05,70,Doctor Robert - Remastered 2009,1ob06Ol8FMIPQgjpg7bMyk,11,1,0.394,0.64,E,-8.992,major,0.0488,0.164,0.139,0.153,0.574,164.626,134267,4,E major,51,NA,https://open.spotify.com/track/1ob06Ol8FMIPQgjpg7bMyk,1966
The Beatles,3WrFJ7ztbogyGnTHbHJFl2,3PRoXYsngSwjEQWR5PsHWR,Revolver,https://i.scdn.co/image/af77b3742860d1d00509c22441bd65a470f74ada,album,FALSE,1966-08-05,1966-08-05,70,I Want To Tell You - Remastered 2009,7orb0y6ySGdsYZywMoQtsD,12,1,0.493,0.525,A,-9.289,major,0.0315,0.182,4.4e-6,0.148,0.449,127.492,147973,4,A major,51,NA,https://open.spotify.com/track/7orb0y6ySGdsYZywMoQtsD,1966
The Beatles,3WrFJ7ztbogyGnTHbHJFl2,3PRoXYsngSwjEQWR5PsHWR,Revolver,https://i.scdn.co/image/af77b3742860d1d00509c22441bd65a470f74ada,album,FALSE,1966-08-05,1966-08-05,70,Got To Get You Into My Life - Remastered 2009,3tGhRLgcCP6SIZU3tbGl7l,13,1,0.521,0.524,C,-6.136,major,0.0302,0.42,9.27e-6,0.0838,0.711,136.679,149240,4,C major,59,NA,https://open.spotify.com/track/3tGhRLgcCP6SIZU3tbGl7l,1966
The Beatles,3WrFJ7ztbogyGnTHbHJFl2,3PRoXYsngSwjEQWR5PsHWR,Revolver,https://i.scdn.co/image/af77b3742860d1d00509c22441bd65a470f74ada,album,FALSE,1966-08-05,1966-08-05,70,Tomorrow Never Knows - Remastered 2009,00oZhqZIQfL9P5CjOP6JsO,14,1,0.38,0.829,F,-6.105,major,0.0405,8.4e-5,0.00208,0.342,0.0534,125.887,179547,4,F major,57,NA,https://open.spotify.com/track/00oZhqZIQfL9P5CjOP6JsO,1966
The Beatles,3WrFJ7ztbogyGnTHbHJFl2,50o7kf2wLwVmOTVYJOTplm,Rubber Soul,https://i.scdn.co/image/7d08dd869485a4d7f9b31050202fd5dab497c2be,album,FALSE,1965-12-03,1965-12-03,72,Drive My Car - Remastered 2009,06ypiqmILMdVeaiErMFA91,1,1,0.754,0.571,D,-8.547,major,0.0421,0.0173,0,0.3,0.82,122.463,148893,4,D major,63,NA,https://open.spotify.com/track/06ypiqmILMdVeaiErMFA91,1965
The Beatles,3WrFJ7ztbogyGnTHbHJFl2,50o7kf2wLwVmOTVYJOTplm,Rubber Soul,https://i.scdn.co/image/7d08dd869485a4d7f9b31050202fd5dab497c2be,album,FALSE,1965-12-03,1965-12-03,72,Norwegian Wood (This Bird Has Flown) - Remastered 2009,1H7gMYGykdtwZOV6s1N0by,2,1,0.425,0.369,E,-11.876,major,0.0379,0.183,0.00126,0.112,0.65,176.625,124693,3,E major,65,NA,https://open.spotify.com/track/1H7gMYGykdtwZOV6s1N0by,1965
The Beatles,3WrFJ7ztbogyGnTHbHJFl2,50o7kf2wLwVmOTVYJOTplm,Rubber Soul,https://i.scdn.co/image/7d08dd869485a4d7f9b31050202fd5dab497c2be,album,FALSE,1965-12-03,1965-12-03,72,You Won't See Me - Remastered 2009,4LLBKnNCrSRrSjSTuiwjE9,3,1,0.488,0.539,A,-8.752,major,0.0304,0.136,0,0.0538,0.473,115.941,199960,4,A major,59,NA,https://open.spotify.com/track/4LLBKnNCrSRrSjSTuiwjE9,1965
The Beatles,3WrFJ7ztbogyGnTHbHJFl2,50o7kf2wLwVmOTVYJOTplm,Rubber Soul,https://i.scdn.co/image/7d08dd869485a4d7f9b31050202fd5dab497c2be,album,FALSE,1965-12-03,1965-12-03,72,Nowhere Man - Remastered 2009,5SUlhldQJtOhUr2GzH5RI7,4,1,0.534,0.624,E,-9.589,major,0.0462,0.00797,0,0.128,0.687,121.402,163693,4,E major,62,NA,https://open.spotify.com/track/5SUlhldQJtOhUr2GzH5RI7,1965
The Beatles,3WrFJ7ztbogyGnTHbHJFl2,50o7kf2wLwVmOTVYJOTplm,Rubber Soul,https://i.scdn.co/image/7d08dd869485a4d7f9b31050202fd5dab497c2be,album,FALSE,1965-12-03,1965-12-03,72,Think For Yourself - Remastered 2009,64bKVrkaXQAKx04dLHqCNz,5,1,0.529,0.567,C,-9.796,major,0.0282,0.0124,0,0.0729,0.799,130.544,138520,4,C major,52,NA,https://open.spotify.com/track/64bKVrkaXQAKx04dLHqCNz,1965
The Beatles,3WrFJ7ztbogyGnTHbHJFl2,50o7kf2wLwVmOTVYJOTplm,Rubber Soul,https://i.scdn.co/image/7d08dd869485a4d7f9b31050202fd5dab497c2be,album,FALSE,1965-12-03,1965-12-03,72,The Word - Remastered 2009,4GBaPHvAyj4V2jeobD9tsy,6,1,0.59,0.641,C,-9.687,major,0.0416,0.00682,0,0.0553,0.792,120.773,163107,4,C major,52,NA,https://open.spotify.com/track/4GBaPHvAyj4V2jeobD9tsy,1965
The Beatles,3WrFJ7ztbogyGnTHbHJFl2,50o7kf2wLwVmOTVYJOTplm,Rubber Soul,https://i.scdn.co/image/7d08dd869485a4d7f9b31050202fd5dab497c2be,album,FALSE,1965-12-03,1965-12-03,72,Michelle - Remastered 2009,5By7Pzgl6TMuVJG168VWzS,7,1,0.578,0.29,F,-12.501,minor,0.0341,0.652,0,0.105,0.666,117.403,162373,4,F minor,65,NA,https://open.spotify.com/track/5By7Pzgl6TMuVJG168VWzS,1965
The Beatles,3WrFJ7ztbogyGnTHbHJFl2,50o7kf2wLwVmOTVYJOTplm,Rubber Soul,https://i.scdn.co/image/7d08dd869485a4d7f9b31050202fd5dab497c2be,album,FALSE,1965-12-03,1965-12-03,72,What Goes On - Remastered 2009,19QXdPRZFHI5kNK3tN8Mh7,8,1,0.67,0.776,E,-10.035,major,0.0749,0.0168,3.01e-6,0.0732,0.765,96.93,168573,4,E major,51,NA,https://open.spotify.com/track/19QXdPRZFHI5kNK3tN8Mh7,1965
The Beatles,3WrFJ7ztbogyGnTHbHJFl2,50o7kf2wLwVmOTVYJOTplm,Rubber Soul,https://i.scdn.co/image/7d08dd869485a4d7f9b31050202fd5dab497c2be,album,FALSE,1965-12-03,1965-12-03,72,Girl - Remastered 2009,6tQvjqDIK9GXWIC6mejms8,9,1,0.699,0.294,F,-13.205,minor,0.0294,0.587,0,0.117,0.893,96.615,151720,4,F minor,61,NA,https://open.spotify.com/track/6tQvjqDIK9GXWIC6mejms8,1965
The Beatles,3WrFJ7ztbogyGnTHbHJFl2,50o7kf2wLwVmOTVYJOTplm,Rubber Soul,https://i.scdn.co/image/7d08dd869485a4d7f9b31050202fd5dab497c2be,album,FALSE,1965-12-03,1965-12-03,72,I'm Looking Through You - Remastered 2009,5E3BVY66TEDexFutOO5GeS,10,1,0.667,0.498,C#,-11.027,major,0.0364,0.00772,0,0.0481,0.774,85.843,146387,4,C# major,60,NA,https://open.spotify.com/track/5E3BVY66TEDexFutOO5GeS,1965
The Beatles,3WrFJ7ztbogyGnTHbHJFl2,50o7kf2wLwVmOTVYJOTplm,Rubber Soul,https://i.scdn.co/image/7d08dd869485a4d7f9b31050202fd5dab497c2be,album,FALSE,1965-12-03,1965-12-03,72,In My Life - Remastered 2009,3KfbEIOC7YIv90FIfNSZpo,11,1,0.688,0.435,A,-11.359,major,0.0323,0.449,0,0.113,0.435,103.239,146333,4,A major,70,NA,https://open.spotify.com/track/3KfbEIOC7YIv90FIfNSZpo,1965
The Beatles,3WrFJ7ztbogyGnTHbHJFl2,50o7kf2wLwVmOTVYJOTplm,Rubber Soul,https://i.scdn.co/image/7d08dd869485a4d7f9b31050202fd5dab497c2be,album,FALSE,1965-12-03,1965-12-03,72,Wait - Remastered 2009,0CGbof9amBnsNlRhZ8IY2H,12,1,0.552,0.487,F#,-10.574,minor,0.04,0.0175,0,0.105,0.657,127.201,134720,4,F# minor,52,NA,https://open.spotify.com/track/0CGbof9amBnsNlRhZ8IY2H,1965
The Beatles,3WrFJ7ztbogyGnTHbHJFl2,50o7kf2wLwVmOTVYJOTplm,Rubber Soul,https://i.scdn.co/image/7d08dd869485a4d7f9b31050202fd5dab497c2be,album,FALSE,1965-12-03,1965-12-03,72,If I Needed Someone - Remastered 2009,7C6hdDIz90Uf5YmdZnYbJJ,13,1,0.492,0.755,A,-9.273,major,0.0331,0.00748,0,0.102,0.796,127.387,142267,4,A major,52,NA,https://open.spotify.com/track/7C6hdDIz90Uf5YmdZnYbJJ,1965
The Beatles,3WrFJ7ztbogyGnTHbHJFl2,50o7kf2wLwVmOTVYJOTplm,Rubber Soul,https://i.scdn.co/image/7d08dd869485a4d7f9b31050202fd5dab497c2be,album,FALSE,1965-12-03,1965-12-03,72,Run For Your Life - Remastered 2009,4gUYV3ktbaOeAK5KrXMWV5,14,1,0.563,0.705,D,-9.232,major,0.103,0.0103,0,0.0552,0.822,176.732,141093,4,D major,57,NA,https://open.spotify.com/track/4gUYV3ktbaOeAK5KrXMWV5,1965
The Beatles,3WrFJ7ztbogyGnTHbHJFl2,1ntNLgaYCFCkeW4flGYlY2,Sgt. Peppers Lonely Hearts Club Band (Super Deluxe Edition),https://i.scdn.co/image/b905c75ac912b6c83c251dcc40b29162c005093c,album,FALSE,1967-05-26,1967-05-26,44,NA,NA,NA,NA,NA,NA,NA,NA,NA,NA,NA,NA,NA,NA,NA,NA,NA,NA,NA,NA,NA,1967
The Beatles,3WrFJ7ztbogyGnTHbHJFl2,1klALx0u4AavZNEvC4LrTL,The Beatles,https://i.scdn.co/image/2782d94528b449fb6910300cc8c8f93ab8cc7a8d,album,FALSE,1968-11-22,1968-11-22,75,Back In The U.S.S.R. - Remastered,0j3p1p06deJ7f9xmJ9yG22,1,1,0.48,0.969,A,-7.464,major,0.0854,0.069,2.2e-4,0.0608,0.494,142.489,163453,4,A major,62,NA,https://open.spotify.com/track/0j3p1p06deJ7f9xmJ9yG22,1968
The Beatles,3WrFJ7ztbogyGnTHbHJFl2,1klALx0u4AavZNEvC4LrTL,The Beatles,https://i.scdn.co/image/2782d94528b449fb6910300cc8c8f93ab8cc7a8d,album,FALSE,1968-11-22,1968-11-22,75,Dear Prudence - Remastered,5NQYyej46WQkgCbnzGD21W,2,1,0.388,0.529,G,-10.533,major,0.0436,0.16,0.0681,0.108,0.332,150.721,235773,4,G major,62,NA,https://open.spotify.com/track/5NQYyej46WQkgCbnzGD21W,1968
The Beatles,3WrFJ7ztbogyGnTHbHJFl2,1klALx0u4AavZNEvC4LrTL,The Beatles,https://i.scdn.co/image/2782d94528b449fb6910300cc8c8f93ab8cc7a8d,album,FALSE,1968-11-22,1968-11-22,75,Glass Onion - Remastered,2jAojvUaPoHPFSPpF0UNRo,3,1,0.523,0.51,G,-9.827,minor,0.0514,0.0123,8.38e-5,0.108,0.789,120.432,137840,4,G minor,53,NA,https://open.spotify.com/track/2jAojvUaPoHPFSPpF0UNRo,1968
The Beatles,3WrFJ7ztbogyGnTHbHJFl2,1klALx0u4AavZNEvC4LrTL,The Beatles,https://i.scdn.co/image/2782d94528b449fb6910300cc8c8f93ab8cc7a8d,album,FALSE,1968-11-22,1968-11-22,75,"Ob-La-Di, Ob-La-Da - Remastered",1gFNm7cXfG1vSMcxPpSxec,4,1,0.818,0.728,A#,-8.331,major,0.0314,0.232,0.0642,0.251,0.975,113.059,188960,4,A# major,68,NA,https://open.spotify.com/track/1gFNm7cXfG1vSMcxPpSxec,1968
The Beatles,3WrFJ7ztbogyGnTHbHJFl2,1klALx0u4AavZNEvC4LrTL,The Beatles,https://i.scdn.co/image/2782d94528b449fb6910300cc8c8f93ab8cc7a8d,album,FALSE,1968-11-22,1968-11-22,75,Wild Honey Pie - Remastered,6j67aNAPeQ31uw4qw4rpLa,5,1,0.792,0.763,D,-11.185,major,0.0506,0.425,0.627,0.789,0.152,89.9,52973,4,D major,50,NA,https://open.spotify.com/track/6j67aNAPeQ31uw4qw4rpLa,1968
The Beatles,3WrFJ7ztbogyGnTHbHJFl2,1klALx0u4AavZNEvC4LrTL,The Beatles,https://i.scdn.co/image/2782d94528b449fb6910300cc8c8f93ab8cc7a8d,album,FALSE,1968-11-22,1968-11-22,75,The Continuing Story Of Bungalow Bill - Remastered,5Z3Rd1fMcaty8g5Pn7yhBQ,6,1,0.621,0.459,C,-10.414,major,0.104,0.224,0,0.656,0.648,114.816,194160,4,C major,52,NA,https://open.spotify.com/track/5Z3Rd1fMcaty8g5Pn7yhBQ,1968
The Beatles,3WrFJ7ztbogyGnTHbHJFl2,1klALx0u4AavZNEvC4LrTL,The Beatles,https://i.scdn.co/image/2782d94528b449fb6910300cc8c8f93ab8cc7a8d,album,FALSE,1968-11-22,1968-11-22,75,While My Guitar Gently Weeps - Remastered,389QX9Q1eUOEZ19vtzzI9O,7,1,0.453,0.654,E,-8.855,minor,0.0317,0.0205,0.00395,0.172,0.702,115,285e3,4,E minor,70,NA,https://open.spotify.com/track/389QX9Q1eUOEZ19vtzzI9O,1968
The Beatles,3WrFJ7ztbogyGnTHbHJFl2,1klALx0u4AavZNEvC4LrTL,The Beatles,https://i.scdn.co/image/2782d94528b449fb6910300cc8c8f93ab8cc7a8d,album,FALSE,1968-11-22,1968-11-22,75,Happiness Is A Warm Gun - Remastered,71LsKf3xISiOlY1mj7FFPP,8,1,0.431,0.54,A,-9.6,minor,0.0589,0.523,1.34e-6,0.169,0.44,139.288,164547,4,A minor,58,NA,https://open.spotify.com/track/71LsKf3xISiOlY1mj7FFPP,1968
The Beatles,3WrFJ7ztbogyGnTHbHJFl2,1klALx0u4AavZNEvC4LrTL,The Beatles,https://i.scdn.co/image/2782d94528b449fb6910300cc8c8f93ab8cc7a8d,album,FALSE,1968-11-22,1968-11-22,75,Martha My Dear - Remastered,1swmf4hFMJYRNA8Rq9PVaW,9,1,0.472,0.292,A#,-11.591,major,0.0321,0.872,7e-4,0.128,0.824,177.624,148573,4,A# major,55,NA,https://open.spotify.com/track/1swmf4hFMJYRNA8Rq9PVaW,1968
The Beatles,3WrFJ7ztbogyGnTHbHJFl2,1klALx0u4AavZNEvC4LrTL,The Beatles,https://i.scdn.co/image/2782d94528b449fb6910300cc8c8f93ab8cc7a8d,album,FALSE,1968-11-22,1968-11-22,75,I'm So Tired - Remastered,2X9H5BokS1u5O46YpNYNsZ,10,1,0.433,0.483,A,-9.422,major,0.175,0.656,2.64e-5,0.539,0.717,68.492,123493,4,A major,55,NA,https://open.spotify.com/track/2X9H5BokS1u5O46YpNYNsZ,1968
The Beatles,3WrFJ7ztbogyGnTHbHJFl2,1klALx0u4AavZNEvC4LrTL,The Beatles,https://i.scdn.co/image/2782d94528b449fb6910300cc8c8f93ab8cc7a8d,album,FALSE,1968-11-22,1968-11-22,75,Blackbird - Remastered,5jgFfDIR6FR0gvlA56Nakr,11,1,0.686,0.127,G,-14.361,major,0.0342,0.754,1.41e-5,0.0573,0.372,93.699,138387,4,G major,72,NA,https://open.spotify.com/track/5jgFfDIR6FR0gvlA56Nakr,1968
The Beatles,3WrFJ7ztbogyGnTHbHJFl2,1klALx0u4AavZNEvC4LrTL,The Beatles,https://i.scdn.co/image/2782d94528b449fb6910300cc8c8f93ab8cc7a8d,album,FALSE,1968-11-22,1968-11-22,75,Piggies - Remastered,4ZmjfLdJXbqjAENqk7eWSE,12,1,0.542,0.445,G#,-9.105,major,0.0303,0.643,0,0.516,0.52,93.245,124267,4,G# major,51,NA,https://open.spotify.com/track/4ZmjfLdJXbqjAENqk7eWSE,1968
The Beatles,3WrFJ7ztbogyGnTHbHJFl2,1klALx0u4AavZNEvC4LrTL,The Beatles,https://i.scdn.co/image/2782d94528b449fb6910300cc8c8f93ab8cc7a8d,album,FALSE,1968-11-22,1968-11-22,75,Rocky Raccoon - Remastered,1ITQbrueGLl581a25XXm9c,13,1,0.599,0.363,G,-11.728,major,0.0315,0.333,0,0.243,0.648,79.456,213107,4,G major,58,NA,https://open.spotify.com/track/1ITQbrueGLl581a25XXm9c,1968
The Beatles,3WrFJ7ztbogyGnTHbHJFl2,1klALx0u4AavZNEvC4LrTL,The Beatles,https://i.scdn.co/image/2782d94528b449fb6910300cc8c8f93ab8cc7a8d,album,FALSE,1968-11-22,1968-11-22,75,Don't Pass Me By - Remastered,4zq4rrfHZeZsTbo5vjJXSV,14,1,0.599,0.537,C,-9.617,major,0.0254,0.594,1.92e-5,0.194,0.946,84.895,230453,4,C major,51,NA,https://open.spotify.com/track/4zq4rrfHZeZsTbo5vjJXSV,1968
The Beatles,3WrFJ7ztbogyGnTHbHJFl2,1klALx0u4AavZNEvC4LrTL,The Beatles,https://i.scdn.co/image/2782d94528b449fb6910300cc8c8f93ab8cc7a8d,album,FALSE,1968-11-22,1968-11-22,75,Why Don't We Do It In The Road? - Remastered,4eLIq1nQNwz2qLu8DeiWIp,15,1,0.589,0.522,D,-8.718,major,0.0521,0.53,2.43e-4,0.0993,0.957,187.688,101160,4,D major,52,NA,https://open.spotify.com/track/4eLIq1nQNwz2qLu8DeiWIp,1968
The Beatles,3WrFJ7ztbogyGnTHbHJFl2,1klALx0u4AavZNEvC4LrTL,The Beatles,https://i.scdn.co/image/2782d94528b449fb6910300cc8c8f93ab8cc7a8d,album,FALSE,1968-11-22,1968-11-22,75,I Will - Remastered,09x9v1o51dbqi5H0u7UGfp,16,1,0.631,0.387,F,-11.529,major,0.0262,0.742,4.06e-4,0.0822,0.832,103.11,105933,4,F major,62,NA,https://open.spotify.com/track/09x9v1o51dbqi5H0u7UGfp,1968
The Beatles,3WrFJ7ztbogyGnTHbHJFl2,1klALx0u4AavZNEvC4LrTL,The Beatles,https://i.scdn.co/image/2782d94528b449fb6910300cc8c8f93ab8cc7a8d,album,FALSE,1968-11-22,1968-11-22,75,Julia - Remastered,5FnpXVgDOk2sLT58qM22Of,17,1,0.512,0.0953,D,-16.082,major,0.0304,0.828,2.68e-4,0.117,0.193,134.706,176667,4,D major,55,NA,https://open.spotify.com/track/5FnpXVgDOk2sLT58qM22Of,1968
The Beatles,3WrFJ7ztbogyGnTHbHJFl2,1klALx0u4AavZNEvC4LrTL,The Beatles,https://i.scdn.co/image/2782d94528b449fb6910300cc8c8f93ab8cc7a8d,album,FALSE,1968-11-22,1968-11-22,75,Birthday - Remastered,1ABegtCPBMMJaMpfDyATjE,1,2,0.541,0.727,D,-7.509,major,0.0384,7.37e-5,0.717,0.232,0.91,139.239,163080,4,D major,53,NA,https://open.spotify.com/track/1ABegtCPBMMJaMpfDyATjE,1968
The Beatles,3WrFJ7ztbogyGnTHbHJFl2,1klALx0u4AavZNEvC4LrTL,The Beatles,https://i.scdn.co/image/2782d94528b449fb6910300cc8c8f93ab8cc7a8d,album,FALSE,1968-11-22,1968-11-22,75,Yer Blues - Remastered,2AsGApoUuN8pTM17Lq9eUd,2,2,0.327,0.525,A,-10.272,major,0.0475,8.75e-4,0.259,0.133,0.435,151.766,240453,3,A major,52,NA,https://open.spotify.com/track/2AsGApoUuN8pTM17Lq9eUd,1968
The Beatles,3WrFJ7ztbogyGnTHbHJFl2,1klALx0u4AavZNEvC4LrTL,The Beatles,https://i.scdn.co/image/2782d94528b449fb6910300cc8c8f93ab8cc7a8d,album,FALSE,1968-11-22,1968-11-22,75,Mother Nature's Son - Remastered,6TjUg1cTUzWHbal6yQAi7c,3,2,0.608,0.178,D,-17.109,major,0.0264,0.634,0.352,0.166,0.401,84.78,168027,4,D major,53,NA,https://open.spotify.com/track/6TjUg1cTUzWHbal6yQAi7c,1968
The Beatles,3WrFJ7ztbogyGnTHbHJFl2,1klALx0u4AavZNEvC4LrTL,The Beatles,https://i.scdn.co/image/2782d94528b449fb6910300cc8c8f93ab8cc7a8d,album,FALSE,1968-11-22,1968-11-22,75,Everybody's Got Something To Hide Except Me And My Monkey - Remastered,64P3zpRsDHIk7YTpRtaKYL,4,2,0.523,0.731,D,-8.613,major,0.0559,0.0207,4.64e-4,0.081,0.81,117.089,144773,4,D major,50,NA,https://open.spotify.com/track/64P3zpRsDHIk7YTpRtaKYL,1968
The Beatles,3WrFJ7ztbogyGnTHbHJFl2,1klALx0u4AavZNEvC4LrTL,The Beatles,https://i.scdn.co/image/2782d94528b449fb6910300cc8c8f93ab8cc7a8d,album,FALSE,1968-11-22,1968-11-22,75,Sexy Sadie - Remastered,2tBv9tAdqEbLNDi5smSjbg,5,2,0.577,0.624,C,-9.626,major,0.0285,0.33,0.00622,0.117,0.671,75.478,195267,4,C major,53,NA,https://open.spotify.com/track/2tBv9tAdqEbLNDi5smSjbg,1968
The Beatles,3WrFJ7ztbogyGnTHbHJFl2,1klALx0u4AavZNEvC4LrTL,The Beatles,https://i.scdn.co/image/2782d94528b449fb6910300cc8c8f93ab8cc7a8d,album,FALSE,1968-11-22,1968-11-22,75,Helter Skelter - Remastered,0Bs0hUYxz7REyIHH7tRhL2,6,2,0.166,0.831,A,-8.469,major,0.0894,6.06e-4,0.846,0.811,0.281,167.518,269787,4,A major,61,NA,https://open.spotify.com/track/0Bs0hUYxz7REyIHH7tRhL2,1968
The Beatles,3WrFJ7ztbogyGnTHbHJFl2,1klALx0u4AavZNEvC4LrTL,The Beatles,https://i.scdn.co/image/2782d94528b449fb6910300cc8c8f93ab8cc7a8d,album,FALSE,1968-11-22,1968-11-22,75,"Long, Long, Long - Remastered",40d2EcaOOCUjDzzo2YvUWn,7,2,0.349,0.129,F,-15.883,major,0.0294,0.539,0.405,0.192,0.163,104.837,186307,3,F major,50,NA,https://open.spotify.com/track/40d2EcaOOCUjDzzo2YvUWn,1968
The Beatles,3WrFJ7ztbogyGnTHbHJFl2,1klALx0u4AavZNEvC4LrTL,The Beatles,https://i.scdn.co/image/2782d94528b449fb6910300cc8c8f93ab8cc7a8d,album,FALSE,1968-11-22,1968-11-22,75,Revolution 1 - Remastered,1aOzDhi5a1RWWRy5dmYA8I,8,2,0.386,0.626,A,-9.451,major,0.0377,0.0785,0.00164,0.621,0.695,98.425,255707,4,A major,53,NA,https://open.spotify.com/track/1aOzDhi5a1RWWRy5dmYA8I,1968
The Beatles,3WrFJ7ztbogyGnTHbHJFl2,1klALx0u4AavZNEvC4LrTL,The Beatles,https://i.scdn.co/image/2782d94528b449fb6910300cc8c8f93ab8cc7a8d,album,FALSE,1968-11-22,1968-11-22,75,Honey Pie - Remastered,1TPcNcmuKlq0PKpYOBgP1U,9,2,0.537,0.297,G,-15.452,major,0.0822,0.88,1.5e-5,0.145,0.553,144.197,161160,4,G major,50,NA,https://open.spotify.com/track/1TPcNcmuKlq0PKpYOBgP1U,1968
The Beatles,3WrFJ7ztbogyGnTHbHJFl2,1klALx0u4AavZNEvC4LrTL,The Beatles,https://i.scdn.co/image/2782d94528b449fb6910300cc8c8f93ab8cc7a8d,album,FALSE,1968-11-22,1968-11-22,75,Savoy Truffle - Remastered,5iyCSUM7zzficwaGo8GIoc,10,2,0.623,0.544,B,-11.043,minor,0.0536,0.00814,0.309,0.134,0.793,120.761,174467,4,B minor,49,NA,https://open.spotify.com/track/5iyCSUM7zzficwaGo8GIoc,1968
The Beatles,3WrFJ7ztbogyGnTHbHJFl2,1klALx0u4AavZNEvC4LrTL,The Beatles,https://i.scdn.co/image/2782d94528b449fb6910300cc8c8f93ab8cc7a8d,album,FALSE,1968-11-22,1968-11-22,75,Cry Baby Cry - Remastered,5XmetMMUFNXClbiYnGdVmP,11,2,0.517,0.529,A,-11.851,minor,0.0323,0.115,0.00396,0.174,0.362,76.644,182080,4,A minor,50,NA,https://open.spotify.com/track/5XmetMMUFNXClbiYnGdVmP,1968
The Beatles,3WrFJ7ztbogyGnTHbHJFl2,1klALx0u4AavZNEvC4LrTL,The Beatles,https://i.scdn.co/image/2782d94528b449fb6910300cc8c8f93ab8cc7a8d,album,FALSE,1968-11-22,1968-11-22,75,Revolution 9 - Remastered,5dZ8PeKKZJLIQAWNTdp8WX,12,2,0.208,0.615,D,-15.297,minor,0.342,0.769,0.118,0.824,0.101,91.158,502013,4,D minor,47,NA,https://open.spotify.com/track/5dZ8PeKKZJLIQAWNTdp8WX,1968
The Beatles,3WrFJ7ztbogyGnTHbHJFl2,1klALx0u4AavZNEvC4LrTL,The Beatles,https://i.scdn.co/image/2782d94528b449fb6910300cc8c8f93ab8cc7a8d,album,FALSE,1968-11-22,1968-11-22,75,Good Night - Remastered,3T4Kt51PV4k8tx6YCtBgcl,13,2,0.146,0.355,G,-14.583,major,0.0352,0.865,0.835,0.114,0.178,146.408,193760,3,G major,48,NA,https://open.spotify.com/track/3T4Kt51PV4k8tx6YCtBgcl,1968
The Beatles,3WrFJ7ztbogyGnTHbHJFl2,1aYdiJk6XKeHWGO3FzHHTr,With The Beatles,https://i.scdn.co/image/c43bdd308858824e5161141c982f493ecb007212,album,FALSE,1963-11-22,1963-11-22,66,It Won't Be Long - Remastered 2009,4ekUX4pWizXXksJe0JfS9U,1,1,0.472,0.673,E,-8.853,major,0.0318,0.284,0,0.206,0.862,133.117,133387,4,E major,58,NA,https://open.spotify.com/track/4ekUX4pWizXXksJe0JfS9U,1963
The Beatles,3WrFJ7ztbogyGnTHbHJFl2,1aYdiJk6XKeHWGO3FzHHTr,With The Beatles,https://i.scdn.co/image/c43bdd308858824e5161141c982f493ecb007212,album,FALSE,1963-11-22,1963-11-22,66,All I've Got To Do - Remastered 2009,5tztLBvTlNC15Np2tnQ5Ll,2,1,0.49,0.579,C#,-10.301,minor,0.0344,0.217,0,0.0644,0.879,119.403,122573,4,C# minor,57,NA,https://open.spotify.com/track/5tztLBvTlNC15Np2tnQ5Ll,1963
The Beatles,3WrFJ7ztbogyGnTHbHJFl2,1aYdiJk6XKeHWGO3FzHHTr,With The Beatles,https://i.scdn.co/image/c43bdd308858824e5161141c982f493ecb007212,album,FALSE,1963-11-22,1963-11-22,66,All My Loving - Remastered 2009,4joiWvli4qJVEW6qZV2i2J,3,1,0.416,0.563,C#,-8.724,minor,0.0298,0.207,0,0.343,0.9,77.56,127853,4,C# minor,63,NA,https://open.spotify.com/track/4joiWvli4qJVEW6qZV2i2J,1963
The Beatles,3WrFJ7ztbogyGnTHbHJFl2,1aYdiJk6XKeHWGO3FzHHTr,With The Beatles,https://i.scdn.co/image/c43bdd308858824e5161141c982f493ecb007212,album,FALSE,1963-11-22,1963-11-22,66,Don't Bother Me - Remastered 2009,7y1hMqXNa0dKQLZH7CKbUG,4,1,0.371,0.724,D,-9.792,major,0.0562,0.554,0,0.299,0.916,170.377,148253,4,D major,56,NA,https://open.spotify.com/track/7y1hMqXNa0dKQLZH7CKbUG,1963
The Beatles,3WrFJ7ztbogyGnTHbHJFl2,1aYdiJk6XKeHWGO3FzHHTr,With The Beatles,https://i.scdn.co/image/c43bdd308858824e5161141c982f493ecb007212,album,FALSE,1963-11-22,1963-11-22,66,Little Child - Remastered 2009,0KogQrSowDnZoU8GSpaxkj,5,1,0.526,0.858,A,-8.533,major,0.0476,0.292,0.001,0.353,0.886,75.596,106400,4,A major,44,NA,https://open.spotify.com/track/0KogQrSowDnZoU8GSpaxkj,1963
The Beatles,3WrFJ7ztbogyGnTHbHJFl2,1aYdiJk6XKeHWGO3FzHHTr,With The Beatles,https://i.scdn.co/image/c43bdd308858824e5161141c982f493ecb007212,album,FALSE,1963-11-22,1963-11-22,66,Till There Was You - Remastered 2009,0ESIjVxnDnCDaTPo6sStHm,6,1,0.727,0.338,F,-13.887,major,0.0454,0.79,0,0.105,0.646,122.421,133507,4,F major,61,NA,https://open.spotify.com/track/0ESIjVxnDnCDaTPo6sStHm,1963
The Beatles,3WrFJ7ztbogyGnTHbHJFl2,1aYdiJk6XKeHWGO3FzHHTr,With The Beatles,https://i.scdn.co/image/c43bdd308858824e5161141c982f493ecb007212,album,FALSE,1963-11-22,1963-11-22,66,Please Mister Postman - Remastered 2009,6wfK1R6FoLpmUA9lk5ll4T,7,1,0.552,0.644,A,-9.129,major,0.0372,0.675,0,0.36,0.961,122.546,154160,4,A major,53,NA,https://open.spotify.com/track/6wfK1R6FoLpmUA9lk5ll4T,1963
The Beatles,3WrFJ7ztbogyGnTHbHJFl2,1aYdiJk6XKeHWGO3FzHHTr,With The Beatles,https://i.scdn.co/image/c43bdd308858824e5161141c982f493ecb007212,album,FALSE,1963-11-22,1963-11-22,66,Roll Over Beethoven - Remastered 2009,3idqWaBn3mRdsIodCU6uBi,8,1,0.351,0.749,D,-9.435,major,0.0628,0.289,0,0.0952,0.967,160.673,165467,4,D major,57,NA,https://open.spotify.com/track/3idqWaBn3mRdsIodCU6uBi,1963
The Beatles,3WrFJ7ztbogyGnTHbHJFl2,1aYdiJk6XKeHWGO3FzHHTr,With The Beatles,https://i.scdn.co/image/c43bdd308858824e5161141c982f493ecb007212,album,FALSE,1963-11-22,1963-11-22,66,Hold Me Tight - Remastered 2009,2RvKsA6Ho7VbJkVFiD4UQF,9,1,0.54,0.744,F,-9.637,major,0.0312,0.664,0,0.21,0.963,135.731,151907,4,F major,48,NA,https://open.spotify.com/track/2RvKsA6Ho7VbJkVFiD4UQF,1963
The Beatles,3WrFJ7ztbogyGnTHbHJFl2,1aYdiJk6XKeHWGO3FzHHTr,With The Beatles,https://i.scdn.co/image/c43bdd308858824e5161141c982f493ecb007212,album,FALSE,1963-11-22,1963-11-22,66,You Really Got A Hold On Me - Remastered 2009,7rgUYidQh5tH0YlXCoKaYJ,10,1,0.373,0.388,A,-9.31,major,0.0337,0.525,0,0.267,0.687,77.643,181347,4,A major,58,NA,https://open.spotify.com/track/7rgUYidQh5tH0YlXCoKaYJ,1963
The Beatles,3WrFJ7ztbogyGnTHbHJFl2,1aYdiJk6XKeHWGO3FzHHTr,With The Beatles,https://i.scdn.co/image/c43bdd308858824e5161141c982f493ecb007212,album,FALSE,1963-11-22,1963-11-22,66,I Wanna Be Your Man - Remastered 2009,0sIZcoe69iSym9AecvZ7CT,11,1,0.553,0.914,A,-8.232,major,0.0415,0.477,0,0.292,0.683,99.138,119507,4,A major,47,NA,https://open.spotify.com/track/0sIZcoe69iSym9AecvZ7CT,1963
The Beatles,3WrFJ7ztbogyGnTHbHJFl2,1aYdiJk6XKeHWGO3FzHHTr,With The Beatles,https://i.scdn.co/image/c43bdd308858824e5161141c982f493ecb007212,album,FALSE,1963-11-22,1963-11-22,66,Devil In Her Heart - Remastered 2009,5maTh4fY9SlgR3FhRkf040,12,1,0.618,0.622,G,-8.861,major,0.0296,0.227,0,0.0438,0.966,121.072,146213,4,G major,47,NA,https://open.spotify.com/track/5maTh4fY9SlgR3FhRkf040,1963
The Beatles,3WrFJ7ztbogyGnTHbHJFl2,1aYdiJk6XKeHWGO3FzHHTr,With The Beatles,https://i.scdn.co/image/c43bdd308858824e5161141c982f493ecb007212,album,FALSE,1963-11-22,1963-11-22,66,Not A Second Time - Remastered 2009,5vl0sRtrQM1BTSAxQZFqEN,13,1,0.471,0.817,G,-9.999,major,0.0372,0.213,0,0.498,0.961,124.848,126827,4,G major,46,NA,https://open.spotify.com/track/5vl0sRtrQM1BTSAxQZFqEN,1963
The Beatles,3WrFJ7ztbogyGnTHbHJFl2,1aYdiJk6XKeHWGO3FzHHTr,With The Beatles,https://i.scdn.co/image/c43bdd308858824e5161141c982f493ecb007212,album,FALSE,1963-11-22,1963-11-22,66,Money (That's What I Want) - Remastered 2009,3zw4FTrVNfy2teEkV9FOvh,14,1,0.545,0.853,B,-8.369,minor,0.0394,0.425,0,0.266,0.923,128.816,169507,1,B minor,50,NA,https://open.spotify.com/track/3zw4FTrVNfy2teEkV9FOvh,1963
The Beatles,3WrFJ7ztbogyGnTHbHJFl2,1gKZ5A1ndFqbcrWtW85cCy,Yellow Submarine,https://i.scdn.co/image/71e588f98fe82cd10ee71a6909f03bc0761ba1d9,album,FALSE,1969-01-17,1969-01-17,54,Yellow Submarine - Remastered 2009,3oEo8Pqm5IAi8wQfCI5BpR,1,1,0.605,0.536,C#,-10.069,major,0.0421,0.518,0,0.528,0.688,110.849,159720,4,C# major,50,NA,https://open.spotify.com/track/3oEo8Pqm5IAi8wQfCI5BpR,1969
The Beatles,3WrFJ7ztbogyGnTHbHJFl2,1gKZ5A1ndFqbcrWtW85cCy,Yellow Submarine,https://i.scdn.co/image/71e588f98fe82cd10ee71a6909f03bc0761ba1d9,album,FALSE,1969-01-17,1969-01-17,54,Only A Northern Song - Remastered 2009,4phXWLTSlC1BEogSWhJMDD,2,1,0.175,0.731,A,-8.341,major,0.0705,3.41e-4,7.51e-4,0.0846,0.801,209.242,204493,4,A major,44,NA,https://open.spotify.com/track/4phXWLTSlC1BEogSWhJMDD,1969
The Beatles,3WrFJ7ztbogyGnTHbHJFl2,1gKZ5A1ndFqbcrWtW85cCy,Yellow Submarine,https://i.scdn.co/image/71e588f98fe82cd10ee71a6909f03bc0761ba1d9,album,FALSE,1969-01-17,1969-01-17,54,All Together Now - Remastered 2009,2ck8lFrYAch2GPtdhpTHe3,3,1,0.587,0.431,D,-9.495,major,0.0686,0.0722,0,0.561,0.778,95.937,130893,4,D major,48,NA,https://open.spotify.com/track/2ck8lFrYAch2GPtdhpTHe3,1969
The Beatles,3WrFJ7ztbogyGnTHbHJFl2,1gKZ5A1ndFqbcrWtW85cCy,Yellow Submarine,https://i.scdn.co/image/71e588f98fe82cd10ee71a6909f03bc0761ba1d9,album,FALSE,1969-01-17,1969-01-17,54,Hey Bulldog - Remastered 2009,5xYC2ZJJ9TMJL8BOl85O2R,4,1,0.587,0.617,G,-9.164,major,0.028,0.0197,0.639,0.199,0.947,100.495,191307,4,G major,52,NA,https://open.spotify.com/track/5xYC2ZJJ9TMJL8BOl85O2R,1969
The Beatles,3WrFJ7ztbogyGnTHbHJFl2,1gKZ5A1ndFqbcrWtW85cCy,Yellow Submarine,https://i.scdn.co/image/71e588f98fe82cd10ee71a6909f03bc0761ba1d9,album,FALSE,1969-01-17,1969-01-17,54,It's All Too Much - Remastered 2009,2bQZ9BBhP7vSBiyDz7KXnv,5,1,0.39,0.781,G,-7.878,major,0.0364,4.3e-5,0.412,0.1,0.199,113.511,385013,4,G major,44,NA,https://open.spotify.com/track/2bQZ9BBhP7vSBiyDz7KXnv,1969
The Beatles,3WrFJ7ztbogyGnTHbHJFl2,1gKZ5A1ndFqbcrWtW85cCy,Yellow Submarine,https://i.scdn.co/image/71e588f98fe82cd10ee71a6909f03bc0761ba1d9,album,FALSE,1969-01-17,1969-01-17,54,All You Need Is Love - Remastered 2009,2Z8cY4QpZTFUZxCQCpvNe1,6,1,0.4,0.463,G,-8.455,major,0.0288,0.345,4.59e-5,0.286,0.627,103.103,231213,4,G major,45,NA,https://open.spotify.com/track/2Z8cY4QpZTFUZxCQCpvNe1,1969
The Beatles,3WrFJ7ztbogyGnTHbHJFl2,1gKZ5A1ndFqbcrWtW85cCy,Yellow Submarine,https://i.scdn.co/image/71e588f98fe82cd10ee71a6909f03bc0761ba1d9,album,FALSE,1969-01-17,1969-01-17,54,Pepperland - Remastered 2009,1y8kq7M3tBw4zAttsZMya8,7,1,0.354,0.281,G,-12.434,major,0.032,0.661,0.763,0.243,0.367,113.126,140733,4,G major,40,NA,https://open.spotify.com/track/1y8kq7M3tBw4zAttsZMya8,1969
The Beatles,3WrFJ7ztbogyGnTHbHJFl2,1gKZ5A1ndFqbcrWtW85cCy,Yellow Submarine,https://i.scdn.co/image/71e588f98fe82cd10ee71a6909f03bc0761ba1d9,album,FALSE,1969-01-17,1969-01-17,54,Sea Of Time - Remastered 2009,6FvhNdlAom6yYHa8ekAaAM,8,1,0.237,0.096,D,-20.629,minor,0.0387,0.971,0.0961,0.203,0.0629,128.054,180213,4,D minor,37,NA,https://open.spotify.com/track/6FvhNdlAom6yYHa8ekAaAM,1969
The Beatles,3WrFJ7ztbogyGnTHbHJFl2,1gKZ5A1ndFqbcrWtW85cCy,Yellow Submarine,https://i.scdn.co/image/71e588f98fe82cd10ee71a6909f03bc0761ba1d9,album,FALSE,1969-01-17,1969-01-17,54,Sea Of Holes - Remastered 2009,6n42oei7aEx2I0dcluKAGx,9,1,0.249,0.0994,F#,-19.266,minor,0.04,0.959,0.926,0.454,0.0357,118.99,136693,3,F# minor,36,NA,https://open.spotify.com/track/6n42oei7aEx2I0dcluKAGx,1969
The Beatles,3WrFJ7ztbogyGnTHbHJFl2,1gKZ5A1ndFqbcrWtW85cCy,Yellow Submarine,https://i.scdn.co/image/71e588f98fe82cd10ee71a6909f03bc0761ba1d9,album,FALSE,1969-01-17,1969-01-17,54,Sea Of Monsters - Remastered 2009,30u8QyT0kBSYO5RcZmaLl3,10,1,0.253,0.166,A,-16.624,major,0.0346,0.945,0.862,0.135,0.0489,83.971,216693,3,A major,35,NA,https://open.spotify.com/track/30u8QyT0kBSYO5RcZmaLl3,1969
The Beatles,3WrFJ7ztbogyGnTHbHJFl2,1gKZ5A1ndFqbcrWtW85cCy,Yellow Submarine,https://i.scdn.co/image/71e588f98fe82cd10ee71a6909f03bc0761ba1d9,album,FALSE,1969-01-17,1969-01-17,54,March Of The Meanies - Remastered 2009,7zJKIrxcH2jY4TOqpvoLvH,11,1,0.538,0.378,A,-14.117,minor,0.0387,0.934,0.758,0.456,0.16,117.185,139360,4,A minor,35,NA,https://open.spotify.com/track/7zJKIrxcH2jY4TOqpvoLvH,1969
The Beatles,3WrFJ7ztbogyGnTHbHJFl2,1gKZ5A1ndFqbcrWtW85cCy,Yellow Submarine,https://i.scdn.co/image/71e588f98fe82cd10ee71a6909f03bc0761ba1d9,album,FALSE,1969-01-17,1969-01-17,54,Pepperland Laid Waste - Remastered 2009,0rHHNFcUgB0zlzCk4MVluw,12,1,0.269,0.0902,G#,-23.018,minor,0.042,0.877,0.821,0.302,0.0462,82.423,132773,4,G# minor,34,NA,https://open.spotify.com/track/0rHHNFcUgB0zlzCk4MVluw,1969
The Beatles,3WrFJ7ztbogyGnTHbHJFl2,1gKZ5A1ndFqbcrWtW85cCy,Yellow Submarine,https://i.scdn.co/image/71e588f98fe82cd10ee71a6909f03bc0761ba1d9,album,FALSE,1969-01-17,1969-01-17,54,Yellow Submarine In Pepperland - Remastered 2009,7ExawMDcRz2lMgNEjjYzdr,13,1,0.406,0.219,G,-13.155,major,0.0359,0.808,0.599,0.15,0.271,105.345,134027,4,G major,43,NA,https://open.spotify.com/track/7ExawMDcRz2lMgNEjjYzdr,1969
