course_number,launch_month,launch_day,course_title,instructors,course_subject,year,honor_code_certificates,participants,audited,certified,percent_played_video,percent_posted_forum,percent_grade_higher_than_zero,total_course_hours_per_1000,median_hours_for_certification,median_age,percent_male,percent_female,percent_bachelor_degree_or_higher,2012,2013,2014,2015,2016
6.002x,9,5,Circuits and Electronics,Khurram Afridi,"Science, Technology, Engineering, and Mathematics",1,1,36105,5431,3003,83.2,8.17,28.97,418.94,64.45,26,88.28,11.72,60.68,MITx,NA,NA,NA,NA
6.00x,9,26,Introduction to Computer Science and Programming,"Eric Grimson, John Guttag, Chris Terman",Computer Science,1,1,62709,8949,5783,89.14,14.38,39.5,884.04,78.53,28,83.5,16.5,63.04,MITx,NA,NA,NA,NA
3.091x,10,9,Introduction to Solid State Chemistry,Michael Cima,"Science, Technology, Engineering, and Mathematics",1,1,16663,2855,2082,87.49,14.42,34.89,227.55,61.28,27,70.32,29.68,58.76,MITx,NA,NA,NA,NA
CS50x,10,15,Introduction to Computer Science,"David Malan, Nate Hardison, Rob Bowden, Tommy MacWilliam, Zamyla Chan",Computer Science,1,1,129400,12888,1439,0,0,1.11,220.9,0,28,80.02,19.98,58.78,HarvardX,NA,NA,NA,NA
PH207x,10,15,Health in Numbers: Quantitative Methods in Clinical and Public Health Research,"Earl Francis Cook, Marcello Pagano","Government, Health, and Social Science",1,1,52521,10729,5058,77.45,15.98,32.52,804.41,76.1,32,56.78,43.22,88.33,HarvardX,NA,NA,NA,NA
6.00x,2,4,Introduction to Computer Science and Programming,Larry Rudolph,Computer Science,1,1,65380,6473,3313,82.43,10.3,28.9,639.4,84.14,27,83.99,16.01,60.9,NA,MITx,NA,NA,NA
3.091x,2,5,Introduction to Solid State Chemistry,Michael Cima,"Science, Technology, Engineering, and Mathematics",1,1,8270,838,547,80.25,10.22,23.49,68.11,59.29,27,73.3,26.7,58.99,NA,MITx,NA,NA,NA
14.73x,2,12,The Challenges of Global Poverty,"Esther Duflo, Abhijit Banerjee","Government, Health, and Social Science",1,1,29044,6510,4607,83.24,13.89,39.38,279.22,40.3,30,53.76,46.24,81.94,NA,MITx,NA,NA,NA
8.02x,2,18,Electricity and Magnetism,"Walter Lewin, John Belcher, Peter Dourmashkin, Ricardo Abbate, Saif Rayyan, George Stephans, Isaac Chuang","Science, Technology, Engineering, and Mathematics",1,1,39178,3543,1722,85.3,5.86,16.04,380.35,107.88,26,85.42,14.58,56.97,NA,MITx,NA,NA,NA
ER22x,3,2,Justice,Michael Sandel,"Humanities, History, Design, Religion, and Education",1,1,58779,9425,5438,NA,21.86,20.98,186.61,13.67,30,60.42,39.58,69.78,NA,HarvardX,NA,NA,NA
6.002x,3,3,Circuits and Electronics,Tania Khanna,"Science, Technology, Engineering, and Mathematics",1,1,16752,1769,1103,83.55,5.68,22.47,148.54,59.39,25,88.88,11.12,59.51,NA,MITx,NA,NA,NA
7.00x,3,5,Introduction to Biology: Secret of Life,"Eric Lander, Graham Walker, Brian White, Michelle, Mischke, Mary Ellen Wiltrout","Science, Technology, Engineering, and Mathematics",1,1,28535,6109,3242,84.62,33.14,38.85,476.84,72.8,30,57.79,42.21,68.15,NA,MITx,NA,NA,NA
CB22x,3,13,The Ancient Greek Hero,"Greg Nagy, L.Muellner","Humanities, History, Design, Religion, and Education",1,1,25873,1803,1395,77.05,13.76,18.05,140.72,46.26,32,53.31,46.69,71.95,NA,HarvardX,NA,NA,NA
2.01x,4,15,Elements of Structures,"Simona Socrate, Alexie Kolpak","Science, Technology, Engineering, and Mathematics",1,1,8736,1705,817,81.82,11.42,29.98,84.75,52.13,27,86.22,13.78,64.45,NA,MITx,NA,NA,NA
PH278x,5,15,Human Health and Global Environmental Change,"Aaron Bernstein, Jack Spengler","Government, Health, and Social Science",1,1,23179,3727,2743,85.35,14.48,29.01,110.67,21.69,30,51.15,48.85,75.19,NA,HarvardX,NA,NA,NA
8.MREV,6,1,Mechanics ReView,"David Pritchard, Colin Fredericks","Science, Technology, Engineering, and Mathematics",1,1,15350,1388,1033,10.96,8.48,24.07,145.95,68.48,26,84.53,15.47,54.43,NA,MITx,NA,NA,NA
3.091x,9,1,Introduction to Solid State Chemistry,Michael Cima,"Science, Technology, Engineering, and Mathematics",2,1,11961,869,382,79.57,6.92,23.84,95.14,77.45,26,73.59,26.41,54.64,NA,MITx,NA,NA,NA
CB22.1x,9,3,The Ancient Greek Hero,Greg Nagy,"Humanities, History, Design, Religion, and Education",2,1,17604,1260,728,68.77,6.59,14.96,65.56,22.1,31,52.11,47.89,68.75,NA,HarvardX,NA,NA,NA
8.01x,9,9,Classical Mechanics,Walter Lewin,"Science, Technology, Engineering, and Mathematics",2,1,35903,4051,1822,78.02,10.27,25.93,452.55,111.34,25,83.26,16.74,51.75,NA,MITx,NA,NA,NA
7.00x,9,10,Introduction to Biology: Secret of Life,Eric Lander,"Science, Technology, Engineering, and Mathematics",2,1,24707,4104,2086,80.54,16.88,31.57,331,69.36,28,56.69,43.31,62.45,NA,MITx,NA,NA,NA
3.086x,9,16,Innovation and Commercialization,Gene Fitzgerald,"Government, Health, and Social Science",2,1,25619,1727,616,68.34,10.58,27.94,101.36,45.18,30,79.14,20.86,77.42,NA,MITx,NA,NA,NA
4.605x,9,17,Global Architecture,Mark Jarzombek,"Humanities, History, Design, Religion, and Education",2,1,17077,2430,1486,65.15,10.72,30.88,138.94,48.99,31,51.95,48.05,74.02,NA,MITx,NA,NA,NA
HKS211.1x,10,1,"Central Challenges in American National Security, Strategy and the Press: An Introduction","Graham Allison, David Sanger","Government, Health, and Social Science",2,0,5857,1393,0,63.1,9.66,35.89,12.57,0,30,66.49,33.51,73.1,NA,HarvardX,NA,NA,NA
24.00x,10,1,"Introduction to Philosophy: God, Knowledge and Consciousness",Caspar Hare,"Humanities, History, Design, Religion, and Education",2,1,34371,5554,1893,73.84,22.16,45.27,154.23,27.25,31,64.25,35.75,65,NA,MITx,NA,NA,NA
SPU27x,10,8,Science and Cooking: From Haute Cuisine to Soft Matter Science,Michael Brenner,"Science, Technology, Engineering, and Mathematics",2,1,60555,7195,1846,75.48,10.78,17.32,399.77,70.66,33,49.47,50.53,76.55,NA,HarvardX,NA,NA,NA
HSPH-HMS214x,10,14,Fundamentals of Clinical Trials,"James Ware, Elliott Antman, Julie Buring, Graham McMahon, Marcia Testa, Robert Truog","Government, Health, and Social Science",2,1,28384,5037,2407,60.92,11.07,22.68,104.37,20.2,31,54.95,45.05,86.27,NA,HarvardX,NA,NA,NA
6.002x,10,16,Circuits and Electronics,Anant Agarwal,"Science, Technology, Engineering, and Mathematics",2,1,21387,1269,379,63.3,3.18,10.04,117.84,81.11,25,89.29,10.71,57.18,NA,MITx,NA,NA,NA
6.00.1x,10,16,Introduction to Computer Science and Programming,"Eric Grimson, John Guttag",Computer Science,2,1,57147,8248,4975,76.86,9.47,43.16,523.56,53.05,28,82.95,17.05,62.73,NA,MITx,NA,NA,NA
2.03x,10,28,Dynamics and Control I,David Gossard,"Science, Technology, Engineering, and Mathematics",2,1,18424,2079,398,61.3,3.16,19.71,60.99,43.14,25,88.6,11.4,58.89,NA,MITx,NA,NA,NA
SW12.1x,10,31,The Political and Intellectual Foundations of China,"Peter Bol, Bill Kirby","Humanities, History, Design, Religion, and Education",2,1,47384,8234,3692,78.7,12.61,32.62,145.08,13.89,29,59.22,40.78,74.91,NA,HarvardX,NA,NA,NA
AI12.1x,10,31,Poetry in America: The Poetry of Early New England,Elisa New,"Humanities, History, Design, Religion, and Education",2,0,6446,2873,0,69.68,15.91,0,13.89,0,32,40.81,59.19,69.5,NA,HarvardX,NA,NA,NA
PH201x,11,15,Health and Society,Ichiro Kawachi,"Government, Health, and Social Science",2,1,20914,5647,3321,66.94,12.98,43.94,99.29,17.8,30,47.38,52.62,73.95,NA,HarvardX,NA,NA,NA
CS50x,1,1,Introduction to Computer Science,David Malan,Computer Science,3,1,259577,22894,1208,72.41,0,0,853.36,0,27,77.89,22.11,54.82,NA,NA,HarvardX,NA,NA
SW12.2x,1,2,The Creation and End of a Centralized Empire,"Peter Bol, Bill Kirby","Humanities, History, Design, Religion, and Education",2,1,12856,4374,2640,75.9,20.89,43.29,68.25,13.77,33,60.59,39.41,79.35,NA,NA,HarvardX,NA,NA
HDS1544.1x,1,5,Early Christianity: The Letters of Paul,Laura Nasrallah,"Humanities, History, Design, Religion, and Education",2,1,33784,4903,1549,70.79,16.74,15.68,101.83,19.41,38,59.35,40.65,74.15,NA,NA,HarvardX,NA,NA
AI12.2x,1,15,Poetry in America: Whitman,Elisa New,"Humanities, History, Design, Religion, and Education",2,1,8685,1838,388,68.6,19.66,14.22,19.6,13.21,32,45.54,54.46,72.49,NA,NA,HarvardX,NA,NA
21W.789x,2,4,Building Mobile Experiences,"Frank Bentley, Ed Barrett",Computer Science,2,1,25886,1332,101,59.55,6.37,15.02,40.13,26.4,29,84.27,15.73,72.27,NA,NA,MITx,NA,NA
14.73x,2,4,Challenges of World Poverty,"Esther Duflo, Abhijit Banerjee","Government, Health, and Social Science",2,1,11102,1825,1173,70.88,11.33,35.45,84.99,42.26,29,51.48,48.52,78.8,NA,NA,MITx,NA,NA
6.041x,2,4,Introduction to Probability: The Science of Uncertainty,John Tsitsiklis,"Science, Technology, Engineering, and Mathematics",2,1,26364,2927,592,65.57,3.98,17.78,224.14,120.16,28,83.54,16.46,73.15,NA,NA,MITx,NA,NA
SW12.3x,2,13,Cosmopolitan Tang: Aristocratic Culture,"Peter Bol, Bill Kirby","Humanities, History, Design, Religion, and Education",2,1,7422,3221,2226,77.16,29.14,50.29,33.76,8.99,34,58.97,41.03,79.4,NA,NA,HarvardX,NA,NA
12.340x,2,19,Global Warming Science,Kerry Emanuel,"Science, Technology, Engineering, and Mathematics",2,1,7905,1694,452,66.36,9.73,33.57,55.04,42.54,30,70.67,29.33,76.36,NA,NA,MITx,NA,NA
6.00.1x,2,19,Introduction to Computer Science and Programming,"Eric Grimson, John Guttag",Computer Science,2,1,21063,3965,1920,74.21,9.28,43.66,188.51,48.42,27,83.51,16.49,63.46,NA,NA,MITx,NA,NA
SW25x,2,25,Global Health: Case Studies from a Biosocial Perspective,"Arthur Kleinman, Paul Farmer, Salmaan Keshavjee, Anne Becker","Government, Health, and Social Science",2,1,8256,2293,1266,62.97,21.56,39.12,39.34,18.49,30,41.1,58.9,80.59,NA,NA,HarvardX,NA,NA
15.071x,3,4,The Analytics Edge,Dimitris Bertsimas,"Government, Health, and Social Science",2,1,31391,4782,1790,73.93,6.68,21.51,313.27,81.94,31,81,19,87.62,NA,NA,MITx,NA,NA
16.110x,3,5,Flight Vehicle Aerodynamics,Mark Drela,"Science, Technology, Engineering, and Mathematics",2,1,11883,692,101,47.62,2.95,6.19,34.28,112.92,25,91.48,8.52,60.98,NA,NA,MITx,NA,NA
6.00.2x,3,5,Introduction to Computational Thinking and Data Science,"Eric Grimson, John Guttag",Computer Science,2,1,13148,2512,1502,69.27,7.33,32.57,97.28,38.44,29,87.9,12.1,74.21,NA,NA,MITx,NA,NA
GSE1x,3,11,Unlocking the Immunity to Change,"Robert Kegan, Lisa Lahey","Humanities, History, Design, Religion, and Education",2,1,39319,4063,1851,66.34,23.15,42.36,159.84,25.29,36,46.37,53.63,80.08,NA,NA,HarvardX,NA,NA
15.390x,3,18,Entrepreneurship 101: Who Is Your Customer?,Bill Aulet,"Government, Health, and Social Science",2,1,36330,9197,2043,73.84,15.46,10.48,108.97,10.46,30,75.09,24.91,74.9,NA,NA,MITx,NA,NA
SW12.4x,3,20,A New National Culture,"Peter Bol, Bill Kirby","Humanities, History, Design, Religion, and Education",2,1,6753,2552,1788,76.01,22.71,45.74,34.82,11.42,34,60.51,39.49,80.78,NA,NA,HarvardX,NA,NA
HAA1x,3,22,HarvardX for Alumni: Explorations in Learning,Rob Lue,"Humanities, History, Design, Religion, and Education",2,0,7156,781,0,69.79,3.07,0,7.23,0,53,56.79,43.21,98.11,NA,NA,HarvardX,NA,NA
BUS5.1x,3,31,Innovating in Health Care,"Regina Herzlinger, Margo Selzer","Government, Health, and Social Science",2,1,12621,2493,602,59.76,0,7.64,27.85,11.15,32,65.49,34.51,86.02,NA,NA,HarvardX,NA,NA
JPAL 101x,4,1,Evaluating Social Programs,"Rachel Glennerster, Marc Shotland","Government, Health, and Social Science",2,1,7382,2046,980,65.09,16.82,34.69,46.04,21.46,32,51.36,48.64,90.32,NA,NA,MITx,NA,NA
PH525x,4,7,Data Analysis for Genomics,Rafael Irizarry,"Government, Health, and Social Science",2,1,13708,3620,651,70.94,3.77,34.62,58.19,25.79,31,67.66,32.34,89.69,NA,NA,HarvardX,NA,NA
HSPH210x,4,7,United States Health Policy,John McDonough,"Government, Health, and Social Science",2,1,10225,1550,763,58.94,10.05,29.84,47.9,26.57,30,51.01,48.99,82.13,NA,NA,HarvardX,NA,NA
ER22.1x,4,8,Justice,Michael Sandel,"Humanities, History, Design, Religion, and Education",2,1,35409,4767,2485,67.31,19.05,17.85,145.01,20.13,29,58,42,67.17,NA,NA,HarvardX,NA,NA
6.SFMx,4,8,Street Fighting Math,"Sanjoy Mahajan, Isaac Chuang","Science, Technology, Engineering, and Mathematics",2,1,27882,3464,567,66.49,5.74,20.52,56.9,28.32,29,84.17,15.83,66.85,NA,NA,MITx,NA,NA
SW12.5x,4,24,From Global Empire to Global Economy,"Peter Bol, Bill Kirby","Humanities, History, Design, Religion, and Education",2,1,5256,2649,1686,75.32,28.69,48.95,24.76,9.09,35,64.35,35.65,82.04,NA,NA,HarvardX,NA,NA
MAS.S69x,5,12,Big Data and Social Physics,Sandy Pentland,"Government, Health, and Social Science",2,1,30456,9494,4055,64.8,4.67,13.31,34.79,2.1,30,80.39,19.61,81.37,NA,NA,MITx,NA,NA
3.091x,5,12,Introduction to Solid State Chemistry,Michael Cima,"Science, Technology, Engineering, and Mathematics",2,1,5854,532,269,72.02,6.01,26.84,55.2,89.94,26,73.88,26.12,55.19,NA,NA,MITx,NA,NA
SW12.6x,5,22,The Last Empire,"Peter Bol, Bill Kirby","Humanities, History, Design, Religion, and Education",2,1,5446,2244,1637,76.75,24.22,49.72,31.69,11.7,35,60.97,39.03,80.56,NA,NA,HarvardX,NA,NA
8.MREV,5,29,Mechanics Review,David Pritchard,"Science, Technology, Engineering, and Mathematics",2,1,12939,754,502,13.25,6.01,17.97,86.76,80.06,25,84.2,15.8,53.49,NA,NA,MITx,NA,NA
USW30x,6,2,Tangible Things,Laurel Ulrich,"Humanities, History, Design, Religion, and Education",2,1,10737,2550,1090,74.69,27.55,34.06,22.82,7.34,34,37.38,62.62,74.88,NA,NA,HarvardX,NA,NA
2.01x,6,3,Elements of Structures,Simona Socrate,"Science, Technology, Engineering, and Mathematics",2,1,6140,1061,333,70.07,9.54,18.66,62.01,78.56,26,85.77,14.23,64.26,NA,NA,MITx,NA,NA
6.00.1x,6,11,Introduction to Computer Science and Programming,"Eric Grimson, John Guttag",Computer Science,2,1,22148,4460,2307,76.74,10.81,48.86,232.93,49.69,27,81.69,18.31,61.96,NA,NA,MITx,NA,NA
7.QBWx,6,12,Quantitative Biology Workshop,Marry Ellen Wiltrout,"Science, Technology, Engineering, and Mathematics",2,1,5092,1027,392,67.07,12.02,26.1,39.96,36.44,29,64.41,35.59,76.43,NA,NA,MITx,NA,NA
7.00x,6,17,Introduction to Biology: Secret of Life,Eric Lander,"Science, Technology, Engineering, and Mathematics",2,1,15627,2357,940,73.58,14.57,24.62,182.26,70.28,28,57.9,42.1,59.85,NA,NA,MITx,NA,NA
7.00x,6,17,Introduction to Biology: Secret of Life,Eric Lander,"Science, Technology, Engineering, and Mathematics",3,0,10755,895,0,60.52,0.01,0,59.23,0,26,58.14,41.86,60.92,NA,NA,MITx,NA,NA
GSE2x,7,8,Leaders of Learning,Richard Elmore,"Humanities, History, Design, Religion, and Education",2,1,36805,7752,3942,73.66,20.46,30.58,103.05,12.71,31,54.3,45.7,77.57,NA,NA,HarvardX,NA,NA
6.002x,8,25,Circuits and Electronics,"Anant Agarwal, Gerald Sussman, Piotr Mitros, Chris Terman, Bonnie Lam","Science, Technology, Engineering, and Mathematics",3,1,19263,1300,482,64.03,4.96,15.98,129.34,95.58,25,88.07,11.93,56.39,NA,NA,MITx,NA,NA
6.00.1x,8,27,Introduction to Computer Science and Programming,Eric Grimson,Computer Science,3,1,21017,4143,2127,76.87,9.7,50.09,206.46,48.26,27,83.23,16.77,65.39,NA,NA,MITx,NA,NA
HUM2.1x,9,2,The Ancient Greek Hero in 24 Hours (Hours 1-5): Epic and Lyric,Gregory Nagy,"Humanities, History, Design, Religion, and Education",3,1,7304,1832,775,68.7,4.47,18.79,17.31,8.99,34,49.86,50.14,72.97,NA,NA,HarvardX,NA,NA
VJx,9,3,"Visualizing Japan (1850s-1930s): Westernization, Protest, Modernity",John W. Dower,"Humanities, History, Design, Religion, and Education",3,1,8493,2137,1183,50.77,14.16,38.2,20.45,8.54,31,55.73,44.27,74.67,NA,NA,HarvardX,NA,NA
3.032x,9,3,Mechanical Behavior of Materials,Lorna J. Gibson,"Science, Technology, Engineering, and Mathematics",3,1,11841,1532,502,62.87,4.9,13.95,81.04,63.12,25,84.01,15.99,65.85,NA,NA,MITx,NA,NA
3.091x,9,3,Introduction to Solid State Chemistry,Michael Cima,"Science, Technology, Engineering, and Mathematics",3,1,5245,367,164,65.43,9.4,20.29,38.86,93.19,26,75.38,24.62,60.54,NA,NA,MITx,NA,NA
SW12.7x,9,4,"Invasions, Rebellions, and the end of Imperial China","Peter Bol, Bill Kirby","Humanities, History, Design, Religion, and Education",3,1,4662,2148,1505,80.08,33.98,52.26,22.93,8.68,38,63.87,36.13,82.25,NA,NA,HarvardX,NA,NA
1368.1x,9,8,"Saving Schools: History, Politics, and Policy of U.S. Education – History and Politics in U.S. Education",Paul Peterson,"Humanities, History, Design, Religion, and Education",3,1,3853,969,391,67.67,16.02,31.5,9.36,10.2,32,44.07,55.93,81.88,NA,NA,HarvardX,NA,NA
AMPOx.1,9,10,Poetry in America: The Poetry of Early New England,Elisa New,"Humanities, History, Design, Religion, and Education",3,1,2820,1306,153,70.15,19.12,22.35,7.68,13.08,32,43.8,56.2,68.15,NA,NA,HarvardX,NA,NA
HUM2.2x,9,14,The Ancient Greek Hero in 24 Hours (Hours 6-11): Signs of the Hero in Epic and Iconography,Gregory Nagy,"Humanities, History, Design, Religion, and Education",3,1,2310,839,510,47.87,5,32.67,6.77,4.8,35,49.28,50.72,69.74,NA,NA,HarvardX,NA,NA
GSE1.1x,9,16,Unlocking the Immunity to Change: A New Approach to Personal Improvement,"Robert Kegan (Bob), Lisa Lahey","Humanities, History, Design, Religion, and Education",3,1,13305,1798,699,65.64,22.34,38.16,51.77,20.99,37,43.21,56.79,80.95,NA,NA,HarvardX,NA,NA
PH555x,9,16,Improving Global Health: Focusing on Quality and Safety,Ashish K. Jha,"Government, Health, and Social Science",3,1,9010,2166,1494,58.71,22.92,39.8,40.6,15.92,31,49.87,50.13,82.7,NA,NA,HarvardX,NA,NA
8.EFTx,9,16,Effective Field Theory,Iain Stewart,"Science, Technology, Engineering, and Mathematics",3,1,7093,285,12,57.48,1.97,3,16.85,107.09,27,88.83,11.17,72.54,NA,NA,MITx,NA,NA
4.605x,9,23,A Global History of Architecture,Mark Jarzombek,"Humanities, History, Design, Religion, and Education",3,1,7052,1093,543,61.06,7.54,30.01,54.46,51.76,29,48.56,51.44,74.88,NA,NA,MITx,NA,NA
AT1x,9,30,AnatomyX: Musculoskeletal Cases,Trudy Van Houten,"Science, Technology, Engineering, and Mathematics",3,1,26086,4637,1583,74.36,2.73,34.46,88.43,15.3,27,50.95,49.05,62.09,NA,NA,HarvardX,NA,NA
ESD.SCM1x,9,30,Supply Chain and Logistics Fundamentals,Chris Caplice,"Government, Health, and Social Science",3,1,25600,5098,2184,73.89,16.59,19.88,255.4,61.42,30,77.04,22.96,84.04,NA,NA,MITx,NA,NA
24.00x,9,30,"Introduction to Philosophy: God, Knowledge and Consciousness",Caspar Hare,"Humanities, History, Design, Religion, and Education",3,1,20109,3949,488,70.61,14.78,27.84,65.35,33.14,28,66.54,33.46,62.77,NA,NA,MITx,NA,NA
JPAL 101x,10,1,Evaluating Social Programs,Rachel Glennerster,"Government, Health, and Social Science",3,1,5321,1558,565,65.42,10.92,36.68,26.71,22.16,31,48.91,51.09,91.41,NA,NA,MITx,NA,NA
6.832x,10,1,Underactuated Robotics,Russ Tedrake,"Science, Technology, Engineering, and Mathematics",3,1,11074,1599,136,67.84,3.75,8.39,41.65,61.21,25,91.97,8.03,61.38,NA,NA,MITx,NA,NA
HUM2.3x,10,8,The Ancient Greek Hero in 24 Hours (Hours 12-15): Cult of Heroes,Gregory Nagy,"Humanities, History, Design, Religion, and Education",3,1,1559,697,417,43.18,2.9,33.72,3.2,1.77,34,50.35,49.65,66.91,NA,NA,HarvardX,NA,NA
11.132x,10,8,Design and Development of Educational Technology,Eric Klopfer,"Humanities, History, Design, Religion, and Education",3,1,15942,3481,1630,67.16,0.01,10.31,44.73,7.46,33,61.33,38.67,83.01,NA,NA,MITx,NA,NA
SW12.8x,10,9,Creating China: The Birth of a Nation,"Peter Bol, Bill Kirby","Humanities, History, Design, Religion, and Education",3,1,4515,2081,1528,78.36,31.46,51.05,23.92,9.54,37,64.33,35.67,82.68,NA,NA,HarvardX,NA,NA
6.00.2x,10,21,Introduction to Computational Thinking and Data Science,Eric Grimson,Computer Science,3,1,11690,2231,1259,71.12,7.7,35.32,81,38.46,29,87.33,12.67,74.6,NA,NA,MITx,NA,NA
HUM2.4x,10,22,The Ancient Greek Hero in 24 Hours (Hours 16-21): The Hero in Tragedy,Gregory Nagy,"Humanities, History, Design, Religion, and Education",3,1,1615,617,376,40.89,4.6,31.95,3.63,1.42,33,50.28,49.72,68.89,NA,NA,HarvardX,NA,NA
AMPOx.2,10,22,"Poetry in America: Nature and Nation, American Poetry, 1700-1850",Elisa New,"Humanities, History, Design, Religion, and Education",3,1,1911,661,149,67.98,15.12,22.26,6.58,13.19,37,40.62,59.38,75.54,NA,NA,HarvardX,NA,NA
11.126x,10,22,Introduction to Game Design,Eric Klopfer,"Humanities, History, Design, Religion, and Education",3,1,25569,3210,1480,63.42,0,6.31,50.33,7.51,26,82.01,17.99,57.7,NA,NA,MITx,NA,NA
1368.2x,10,27,"Saving Schools: History, Politics, and Policy in U.S. Education – Teacher Policies",Paul Peterson,"Humanities, History, Design, Religion, and Education",3,1,1275,516,304,59.65,21.43,42.23,3.28,5.93,35,47.3,52.7,85.23,NA,NA,HarvardX,NA,NA
SW47.1x,10,30,Entrepreneurship and Healthcare in Emerging Economies,Tarun Khanna,"Government, Health, and Social Science",3,1,10332,969,598,43.82,13.03,18.15,17.21,10.41,28,63.04,36.96,78.58,NA,NA,HarvardX,NA,NA
HUM2.5x,11,12,The Ancient Greek Hero: Plato and Beyond,Gregory Nagy,"Humanities, History, Design, Religion, and Education",3,1,2201,694,367,43.41,3.41,24,2.41,1.52,34,53.43,46.57,71.9,NA,NA,HarvardX,NA,NA
9.01x,11,18,"Light, Spike, and Sight: The Neuroscience of Vision",Sebastian Seung,"Science, Technology, Engineering, and Mathematics",3,1,7000,1398,505,69.4,8.1,24.7,18.49,9.19,29,66.11,33.89,70.22,NA,NA,MITx,NA,NA
SW12.9x,11,20,Communist Liberations,"Peter Bol, Bill Kirby","Humanities, History, Design, Religion, and Education",3,1,4248,1835,1442,79.76,30.14,50.49,23.03,9.76,37,67.11,32.89,82.98,NA,NA,HarvardX,NA,NA
CS50x,1,1,Introduction to Computer Science,David Malan,Computer Science,3,1,301082,25637,1523,67.8,0,0,275.96,0,25,77.68,22.32,51.95,NA,NA,NA,HarvardX,NA
SW12.10x,1,5,"Greater China Today: The People's Republic, Taiwan, and Hong Kong","Peter Bol, Bill Kirby","Humanities, History, Design, Religion, and Education",3,1,5864,1242,1258,77.05,24.6,41.39,48.23,22.52,35,64.81,35.19,82.54,NA,NA,NA,HarvardX,NA
1368.3x,1,5,"Saving Schools: History, Politics, and Policy of U.S. Education – Accountability and National Standards",Paul Peterson,"Humanities, History, Design, Religion, and Education",3,1,1483,641,400,64.51,12.75,49.73,3.4,4.67,34,46.56,53.44,80.97,NA,NA,NA,HarvardX,NA
AMPOx.3,1,7,Poetry in America: Walt Whitman,Elisa New,"Humanities, History, Design, Religion, and Education",3,1,3879,1045,220,73.53,14.46,16.45,9.2,12.34,33,44.63,55.37,71.38,NA,NA,NA,HarvardX,NA
6.00.1x,1,7,Introduction to Computer Science and Programming Using Python,"Eric Grimson, John Guttag",Computer Science,3,1,49529,8924,4738,77.76,8.91,49.04,485.67,48.96,27,82.56,17.44,67.27,NA,NA,NA,MITx,NA
15.S23x,1,7,"Transforming Business, Society, and Self",Otto Scharmer,"Government, Health, and Social Science",3,1,21420,4958,2416,57.25,0,20.5,82.24,15.54,38,54.26,45.74,84.87,NA,NA,NA,MITx,NA
HLS2x,1,8,ContractsX: From Trust to Promise to Contract,Charles Fried,"Government, Health, and Social Science",3,1,15433,3803,2245,72.64,0.01,34.11,68.16,16.15,30,66.27,33.73,77.3,NA,NA,NA,HarvardX,NA
8.MECHCx,1,8,Advanced Introductory Classical Mechanics,David E. Pritchard,"Science, Technology, Engineering, and Mathematics",3,1,6980,571,201,57.66,6.63,17.61,76.36,172.7,24,84.56,15.44,48.64,NA,NA,NA,MITx,NA
15.390.1x,1,9,Entrepreneurship 101: Who Is Your Customer?,Bill Aulet,"Government, Health, and Social Science",3,1,30780,7955,2689,75.53,15.29,13.53,110.41,12.23,29,78.22,21.78,72.88,NA,NA,NA,MITx,NA
15.390.2x,1,9,Entrepreneurship 102: What Can You Do For Your Customer?,Bill Aulet,"Government, Health, and Social Science",3,1,13173,3443,574,61.35,4.33,5.79,33.06,11.65,30,77.65,22.35,76.93,NA,NA,NA,MITx,NA
7.QBWx,1,13,Quantitative Biology Workshop,Collaborative,"Science, Technology, Engineering, and Mathematics",3,1,4143,816,257,63.12,8.28,24.81,26.27,37.45,28,65.95,34.05,76.81,NA,NA,NA,MITx,NA
3.086x,1,14,Innovation and Commercialization,Eugene Fitzgerald,"Government, Health, and Social Science",3,1,12208,885,241,62,6.36,31.41,36.51,41.75,29,79.55,20.45,76.75,NA,NA,NA,MITx,NA
PH525.1x,1,19,Data Analysis for Genomics: Statistics and R for the Life Sciences,Rafael Irizarry,"Government, Health, and Social Science",3,1,28425,13849,2685,68.01,3.01,27.3,107.06,16.84,30,69.9,30.1,86.74,NA,NA,NA,HarvardX,NA
6.002x,1,20,Circuits and Electronics,Anant Agarwal,"Science, Technology, Engineering, and Mathematics",3,1,22828,886,202,63.11,2.43,7.2,99.42,114.37,25,88.09,11.91,54.57,NA,NA,NA,MITx,NA
21W.789x,2,2,Building Mobile Experiences,"Frank Bentley, Ed Barrett",Computer Science,3,1,18454,729,45,58.24,3.89,10.65,24.59,41.23,28,82.8,17.2,71.79,NA,NA,NA,MITx,NA
14.73x,2,3,The Challenges of Global Poverty,"Duflo, Banerjee","Government, Health, and Social Science",3,1,7664,908,594,67.18,5.78,30.3,66.87,61.4,28,51.51,48.49,78.56,NA,NA,NA,MITx,NA
6.041x,2,3,Introduction to Probability: The Science of Uncertainty,"John Tsitsiklis, Patrick Jailet, Dimitri Bertsekas","Science, Technology, Engineering, and Mathematics",3,1,22537,2288,410,65.99,2.6,14.47,217.1,167.72,27,83.37,16.63,73.49,NA,NA,NA,MITx,NA
6.341x,2,3,Discrete-Time Signal Processing,"Oppenheim, Baran","Science, Technology, Engineering, and Mathematics",3,1,7396,532,144,64.06,2.99,16.87,48.98,151.31,27,91.4,8.6,72.54,NA,NA,NA,MITx,NA
1368.4x,2,9,"Saving Schools: History, Politics, and Policy in U.S. Education",Paul Peterson,"Humanities, History, Design, Religion, and Education",3,1,1465,578,380,62.91,19.06,45.22,3.16,4.86,35,48.5,51.5,81.63,NA,NA,NA,HarvardX,NA
SPU30x,2,10,Super-Earths and Life,Dimitar Sasselov,"Science, Technology, Engineering, and Mathematics",3,1,7008,3248,961,49.74,11.99,38.66,21.03,10.97,28.5,68.61,31.39,60.75,NA,NA,NA,HarvardX,NA
3.072x,2,10,"Symmetry, Structure and Tensor Properties of Materials",Eugene Fitzgerald,"Science, Technology, Engineering, and Mathematics",3,1,5448,404,31,55.49,2.24,10.55,11.54,73.46,26,83.12,16.88,69.8,NA,NA,NA,MITx,NA
8.05x,2,10,Mastering Quantum Mechanics,Barton Zwiebach,"Science, Technology, Engineering, and Mathematics",3,1,10932,1193,393,71.33,8.03,16.57,187.44,251.82,26,87.19,12.81,64.49,NA,NA,NA,MITx,NA
EMC2x,2,11,The Einstein Revolution,Peter Galison,"Humanities, History, Design, Religion, and Education",3,1,11705,1186,195,73.04,7.43,14.72,40.5,42.22,29,72.91,27.09,66.55,NA,NA,NA,HarvardX,NA
HKS211.2x,2,12,"Central Challenges in American National Security, Strategy and the Press","Graham Allison, David Sanger","Government, Health, and Social Science",3,1,6454,2042,813,64.29,7.39,25.57,20.36,11.86,30,69.09,30.91,73.65,NA,NA,NA,HarvardX,NA
PH525.2x,2,16,Introduction to Linear Models and Matrix Algebra,Rafael Irizarry,"Government, Health, and Social Science",3,1,12007,9446,1404,58.98,1.57,24.14,27.9,9.97,30,80.48,19.52,83.51,NA,NA,NA,HarvardX,NA
3.091x,2,26,Introduction to Solid State Chemistry,Michael Cima,"Science, Technology, Engineering, and Mathematics",3,1,3661,190,65,65.61,4.89,15.6,29.49,133.54,26,76.03,23.97,59.58,NA,NA,NA,MITx,NA
PH525.3x,3,2,Advanced Statistics for the Life Sciences,Rafael Irizarry,"Government, Health, and Social Science",3,1,9266,3389,638,49.18,4.52,16.97,37.84,31.97,31,71.96,28.04,90.17,NA,NA,NA,HarvardX,NA
6.004.1x,3,3,Computation Structures: Digital Circuits,"Chris Terman, Steve Ward, Silvina Hanono Wachman",Computer Science,3,1,15530,2363,805,64.37,5.71,14.92,126.65,72.18,26,89.5,10.5,59.24,NA,NA,NA,MITx,NA
15.071x,3,3,The Analytics Edge,"Dimitris Bertsimas, Allison O'Hair","Government, Health, and Social Science",3,1,26776,5638,3101,74.91,10.66,50.42,648.95,119.51,31,80.71,19.29,86.68,NA,NA,NA,MITx,NA
16.00x,3,3,Introduction to Aerospace Engineering: Astronautics and Human Spaceflight,Jeffrey Hoffman,"Science, Technology, Engineering, and Mathematics",3,1,13525,3638,885,70.59,10.03,24.39,121.16,47.06,24,84.5,15.5,52.15,NA,NA,NA,MITx,NA
6.00.2x,3,4,Introduction to Computational Thinking and Data Science,Eric Grimson,Computer Science,3,1,14835,2599,1656,70.27,6.42,31.27,159.01,63.36,28,85.33,14.67,75.51,NA,NA,NA,MITx,NA
HLS3x,3,10,JuryX: Deliberations for Social Change,Charles Nesson,"Government, Health, and Social Science",3,1,4091,977,379,65.36,14.27,15.4,5.88,3.55,27,55.72,44.28,62.24,NA,NA,NA,HarvardX,NA
7.28.1x,3,10,Molecular Biology: DNA Replication and Repair,"Stephen Bell, Tania Baker","Science, Technology, Engineering, and Mathematics",3,1,7723,1567,430,69.33,6.32,30.45,98.6,94.34,28,58.52,41.48,70.24,NA,NA,NA,MITx,NA
AMPOx.4,3,18,Poetry in America: Emily Dickinson,Elisa New,"Humanities, History, Design, Religion, and Education",3,1,5261,1823,348,74.63,17.7,26.11,20.14,19.02,38,33.26,66.74,75.48,NA,NA,NA,HarvardX,NA
15.662x,3,23,The American Dream for the Next Generation,Thomas Kochan,"Government, Health, and Social Science",3,1,5084,1039,277,69.81,10.64,25.83,20.5,21.18,29,63.13,36.87,73.47,NA,NA,NA,MITx,NA
PH525.4x,3,30,Introduction to Bioconductor,Rafael Irizarry,"Government, Health, and Social Science",3,1,4785,2174,453,58.67,4.6,21.55,29.02,34.43,30,71.98,28.02,86.92,NA,NA,NA,HarvardX,NA
15.390.1x,3,31,Entrepreneurship 101: Who Is Your Customer?,Bill Aulet,"Government, Health, and Social Science",3,1,25206,4402,715,67.34,7.55,2.84,64.07,9.09,28,74.09,25.91,69.67,NA,NA,NA,MITx,NA
11.127x,4,1,Design and Development of Games for Learning,Eric Klopfer,"Humanities, History, Design, Religion, and Education",3,1,15282,3012,513,60.42,0.01,16.08,36.12,16.89,30,72.81,27.19,72.15,NA,NA,NA,MITx,NA
JPAL 101x,4,1,Evaluating Social Programs,"Rachel Glennerster, Marc Shotland","Government, Health, and Social Science",3,1,3922,1107,404,63.87,8.64,36.69,34.15,39.26,31,51.09,48.91,90.65,NA,NA,NA,MITx,NA
3.15x,4,8,"Electrical, Optical and Magnetic Materials and Devices",Caroline Ross,"Science, Technology, Engineering, and Mathematics",3,1,10626,685,113,50.84,1.38,7.15,30.79,99.23,25,86.95,13.05,60.39,NA,NA,NA,MITx,NA
PH525.5x,4,27,"Data Analysis for Genomics: Case Study, RNA Sequence Data Analysis",Rafael Irizarry,"Government, Health, and Social Science",3,1,4262,3518,377,60.48,2.04,24.04,12.86,12.15,30,65.11,34.89,90.87,NA,NA,NA,HarvardX,NA
PH525.6x,4,27,"Data Analysis for Genomics: Case study, Variant Discovery and Genotyping",Rafael Irizarry,"Government, Health, and Social Science",3,1,2428,1864,209,59.01,3.51,18.64,8.35,15.58,30,64.2,35.8,87.88,NA,NA,NA,HarvardX,NA
PH525.7x,4,27,"Data Analysis for Genomics: Case study, ChIP Sequence Data Analysis",Rafael Irizarry,"Government, Health, and Social Science",3,1,2250,1884,252,52.54,2.14,24.91,3.6,4.14,30,68.59,31.41,89.94,NA,NA,NA,HarvardX,NA
PH525.8x,4,27,"Data Analysis for Genomics: Case study, DNA Methylation Data Analysis",Rafael Irizarry,"Government, Health, and Social Science",3,1,2656,2066,226,48.94,2.34,18.4,5.33,11.09,29,65.34,34.66,83.74,NA,NA,NA,HarvardX,NA
15.390.2x,5,1,Entrepreneurship 102: What Can You Do For Your Customer?,Bill Aulet,"Government, Health, and Social Science",3,1,6137,1296,184,55.99,1.4,2.97,11.95,8.72,28,74.22,25.78,71.62,NA,NA,NA,MITx,NA
BUS5.1x,5,5,Innovating in Health Care,"Regina Herzlinger, Margo Selzer","Government, Health, and Social Science",3,1,9185,5824,183,46.81,6.72,6.28,13.23,14.92,30,61.48,38.52,84.74,NA,NA,NA,HarvardX,NA
AMPOx.5,5,6,Poetry in America: The Civil War and Its Aftermath,Elisa New,"Humanities, History, Design, Religion, and Education",3,1,2479,1076,196,65.91,15.89,24.67,7.49,14.8,39,41.25,58.75,73.39,NA,NA,NA,HarvardX,NA
GSE3x,5,12,Introduction to Data Wise: A Collaborative Process to Improve Learning and Teaching,Kathryn Parker Boudett,"Humanities, History, Design, Religion, and Education",4,1,8286,1784,807,62.44,0.1,21.02,20.03,9.66,35,46.39,53.61,87.58,NA,NA,NA,HarvardX,NA
CTL.SC1x,5,27,Supply Chain and Logistics Fundamentals,Chris Caplice,"Government, Health, and Social Science",3,1,19996,3481,1392,69.82,16.42,20.19,344.95,131.05,29,75.98,24.02,81.29,NA,NA,NA,MITx,NA
8.MECHCx,5,28,Advanced Introductory Classical Mechanics,David E. Pritchard,"Science, Technology, Engineering, and Mathematics",3,1,8088,473,168,59.99,5.82,13.67,67.6,182.95,24,79.36,20.64,48.24,NA,NA,NA,MITx,NA
UINOV8x,6,1,User Innovation: A Path to Entrepreneurship,Eric von Hippel,"Government, Health, and Social Science",3,1,41361,4413,1232,62.1,2.41,2.98,69.95,9.18,27,73.08,26.92,68.73,NA,NA,NA,MITx,NA
18.01.1x,6,2,Calculus: Differentiation,David Jerison,"Science, Technology, Engineering, and Mathematics",3,1,18266,3734,658,63.22,5.68,20.32,218.27,117.82,26,79.66,20.34,55.67,NA,NA,NA,MITx,NA
15.071x,6,2,The Analytics Edge,"Dimitris Bertsimas, Allison O'Hair","Government, Health, and Social Science",3,1,31551,5015,1950,69.88,5.98,30.91,547.35,120.1,28,81.25,18.75,84.94,NA,NA,NA,MITx,NA
24.118x,6,9,Paradox and Infinity,Augustin Rayo,"Humanities, History, Design, Religion, and Education",3,1,12426,1990,699,73.7,7.39,19.5,83.98,43.53,27,74.85,25.15,61.12,NA,NA,NA,MITx,NA
6.00.1x,6,10,Introduction to Computer Science and Programming,"Eric Grimson, John Guttag",Computer Science,3,1,53964,9583,5243,77.31,7.6,49,895.01,86.65,25,78.53,21.47,64.59,NA,NA,NA,MITx,NA
0.111x,6,15,Making Science and Engineering Pictures: A Practical Guide to Presenting Your Work,Felice Frankel,"Science, Technology, Engineering, and Mathematics",3,1,6934,1456,126,69.44,9.97,3.95,15.61,24.54,29,68.95,31.05,76.69,NA,NA,NA,MITx,NA
MCB63x,6,16,Principles of Biochemistry,"Alain Viel, Rachelle Gaudet","Science, Technology, Engineering, and Mathematics",4,1,31710,13275,789,55.96,4.37,9.91,90.12,35.11,24,54.05,45.95,59,NA,NA,NA,HarvardX,NA
SPU27x,6,17,Science and Cooking: From Haute Cuisine to Soft Matter Science,Michael Brenner,"Science, Technology, Engineering, and Mathematics",4,1,48922,3793,504,63.28,7.3,13.33,67.71,12.28,30,47.81,52.19,69.11,NA,NA,NA,HarvardX,NA
10.03x,7,14,Making Biologic Medicines for Patients: The Principles of Biopharmaceutical Manufacturing,"J. Christopher Love, Anthony J. Sinskey, Stacy Springs","Government, Health, and Social Science",3,1,4404,2012,638,68.51,17.73,40.8,41.5,29.18,28,59.53,40.47,74.49,NA,NA,NA,MITx,NA
11.133x,7,15,Implementation and Evaluation of Educational Technology,Eric Klopfer,"Humanities, History, Design, Religion, and Education",3,1,4518,1266,471,58.5,0,22.02,11.99,9.52,34,60.32,39.68,87.64,NA,NA,NA,MITx,NA
7.28.1x,8,4,Molecular Biology: DNA Replication and Repair,"Stephen P. Bell, Tania A. Baker, Mary Ellen Wiltrout, Nathaniel Schafheimer, Sera Thornton","Science, Technology, Engineering, and Mathematics",4,1,5725,865,209,65.17,7.35,37.05,43.57,85.86,28,55.7,44.3,72.99,NA,NA,NA,MITx,NA
USW30x,8,5,Tangible Things,Laurel Ulrich,"Humanities, History, Design, Religion, and Education",3,1,4794,897,353,66.58,23.8,24.7,10.93,11.04,32,34.31,65.69,75.32,NA,NA,NA,HarvardX,NA
6.00.1x,8,26,Introduction to Computer Science and Programming Using Python,"Eric Grimson, John Guttag, Ana Bell",Computer Science,4,1,54361,7661,3411,70.35,6.07,37.54,567.96,74.39,26,81.45,18.55,66.28,NA,NA,NA,MITx,NA
6.004.1x,9,1,Computation Structures: Digital Circuits,"Chris Terman, Steve Ward, Silvina Wachman",Computer Science,4,1,16094,1910,377,62.85,0,7.08,97.06,72.89,24,87.37,12.63,55.59,NA,NA,NA,MITx,NA
HKS101A,9,8,Introduction to American Government,Thomas Patterson,"Government, Health, and Social Science",3,1,16005,1627,623,54.95,13.95,18.98,63.24,29.99,27,58.38,41.62,61.59,NA,NA,NA,HarvardX,NA
3.091x,9,8,Introduction to Solid State Chemistry,Michael Cima,"Science, Technology, Engineering, and Mathematics",4,1,4767,278,99,65.47,4.82,9.63,41.98,157,25,75.55,24.45,61.27,NA,NA,NA,MITx,NA
3.032.1x,9,9,Mechanical Behavior of Materials: Linear Elastic Behavior,Lorna J. Gibson,"Science, Technology, Engineering, and Mathematics",4,1,6577,2392,445,63.21,4.64,13.2,40.32,32.79,25,83.34,16.66,67.57,NA,NA,NA,MITx,NA
15.671x,9,10,"Transforming Business, Society, and Self",Otto Scharmer,"Government, Health, and Social Science",4,1,23087,4711,1606,62.56,0,19.73,166.11,31.24,39,51.21,48.79,86.69,NA,NA,NA,MITx,NA
VJx,9,15,"Visualizing Japan (1850s-1930s): Westernization, Protest, Modernity","Andrew Gordon, John Dower, Shigeru Miyagawa","Humanities, History, Design, Religion, and Education",4,1,2175,588,330,72.41,20.51,41.24,11.83,22.34,30,56.37,43.63,73.26,NA,NA,NA,HarvardX,NA
HUM1.1x,9,21,History of the Book: Making and Meaning in the Medieval Manuscript,"Jeffrey Hamburger, Bill Stoneman","Humanities, History, Design, Religion, and Education",4,1,4033,1516,460,73.47,4.76,11.41,11.11,5.88,36,39.11,60.89,75.55,NA,NA,NA,HarvardX,NA
HUM1.2x,9,21,History of the Book: Scrolls in the Age of the Book,Tom Kelly,"Humanities, History, Design, Religion, and Education",4,1,2085,859,390,66.19,4.8,18.71,4.95,4.93,36,42.26,57.74,73.88,NA,NA,NA,HarvardX,NA
HUM1.3x,9,21,"History of the Book: Print and Manuscript in Western Europe, Asia and the Middle East (1450-1650)",Ann Blair,"Humanities, History, Design, Religion, and Education",4,1,1732,788,361,69.34,3.98,20.84,4.39,4.79,35.5,42.24,57.76,79.85,NA,NA,NA,HarvardX,NA
HUM1.4x,9,21,History of the Book: The History of the Book in the 17th and 18th Century Europe,Robert Darnton,"Humanities, History, Design, Religion, and Education",4,1,2587,1448,502,67.53,1.43,19.4,5.71,4.28,32,38.04,61.96,73.64,NA,NA,NA,HarvardX,NA
HUM1.5x,9,21,History of the Book: Book Sleuthing: What 19th-Century Books Can Tell Us About the Rise of the Reading Public,Leah Price,"Humanities, History, Design, Religion, and Education",4,1,2862,1328,443,69.01,7.65,15.48,3.35,2.09,35,33.38,66.62,72.64,NA,NA,NA,HarvardX,NA
HUM1.6x,9,21,"History of the Book: Monasteries, Schools, and Notaries, Part 1: Reading the Late Medieval Marseille Archive",Dan Smail,"Humanities, History, Design, Religion, and Education",4,1,1602,662,243,70.85,4.99,15.17,6.13,9.13,36,41.66,58.34,72.64,NA,NA,NA,HarvardX,NA
HUM1.7x,9,21,"History of the Book: Monasteries, Schools, and Notaries, Part 2: Introduction to the Transitional Gothic Script",Beverly Kienzle,"Humanities, History, Design, Religion, and Education",4,1,670,364,191,64.93,7.01,28.51,3.49,8.25,39,44.76,55.24,77.52,NA,NA,NA,HarvardX,NA
HUM1.8x,9,21,History of the Book: The Medieval Book of Hours: Art and Devotion in the Later Middle Ages,"Jeffrey Hamburger, Bill Stoneman","Humanities, History, Design, Religion, and Education",4,1,1472,325,189,66.92,6.79,12.84,6.93,12.48,38,37.91,62.09,76.11,NA,NA,NA,HarvardX,NA
HUM1.9x,9,21,History of the Book: Books in the Medieval Liturgy,Tom Kelly,"Humanities, History, Design, Religion, and Education",4,1,1698,661,330,65.37,4.89,19.43,4.51,5.54,33,46.2,53.8,70.79,NA,NA,NA,HarvardX,NA
14.74x,9,21,Foundations of Development Policy: Advanced Development Economics,"Abhijit Vinayak Banerjee, Esther Duflo, Benjamin Olken","Government, Health, and Social Science",4,1,7532,742,360,58.87,6.63,27.02,77.46,104.81,28,59.91,40.09,85.32,NA,NA,NA,MITx,NA
8.421.1x,9,21,Atomic and Optical Physics: Resonance,"Wolfgang Ketterle, David E. Pritchard, Isaac Chuang","Science, Technology, Engineering, and Mathematics",4,1,6129,1478,199,69.15,3.9,10.2,18.64,24.68,26,86.64,13.36,68.83,NA,NA,NA,MITx,NA
4.605x,9,22,A Global History of Architecture,Mark Jarzombek,"Humanities, History, Design, Religion, and Education",4,1,5724,908,498,62.35,10.13,21.24,77.42,83.16,29,47.24,52.76,74.29,NA,NA,NA,MITx,NA
16.101x,9,28,Introduction to Aerodynamics,David L. Darmofal,"Science, Technology, Engineering, and Mathematics",4,1,18732,736,66,0,2.68,4.6,51.1,138.06,23,89.27,10.73,53.08,NA,NA,NA,MITx,NA
6.002.1x,9,29,Circuits and Electronics: Basic Circuit Analysis,"Anant Agarwal, Gerald Sussman, Piotr Mitros, Chris Terman, Bonnie Lam","Science, Technology, Engineering, and Mathematics",4,1,38119,5451,591,69.08,2.01,1.55,174.06,48.13,25,87.36,12.64,52.02,NA,NA,NA,MITx,NA
6.002.2x,9,29,"Circuits and Electronics: Amplification, Speed, and Delay","Anant Agarwal, Gerald Sussman, Piotr Mitros, Chris Terman, Bonnie Lam","Science, Technology, Engineering, and Mathematics",4,1,6146,1266,171,48.97,1.46,2.78,28.65,52.62,24,89.55,10.45,58.46,NA,NA,NA,MITx,NA
6.002.3x,9,29,Circuits and Electronics: Applications,"Anant Agarwal, Gerald Sussman, Piotr Mitros, Chris Terman, Bonnie Lam","Science, Technology, Engineering, and Mathematics",4,1,5566,805,95,44.39,1.04,1.71,17.95,53.73,24,88.81,11.19,59.47,NA,NA,NA,MITx,NA
CTL.SC2x,9,30,Supply Chain Design,"Chris Caplice, Yossi Sheffi, James Blayney Rice Jr., Jarrod Goentzel","Government, Health, and Social Science",4,1,14679,3836,1848,74.52,12.98,26.53,316.74,115.81,29,78.21,21.79,85.02,NA,NA,NA,MITx,NA
GOV1368.1x,10,1,"Saving Schools: History, Politics, and Policy of U.S. Education – History and Politics in U.S. Education",Paul Peterson,"Humanities, History, Design, Religion, and Education",4,1,3126,581,246,61.1,10.04,7.87,8.08,10.69,29,40.14,59.86,72.04,NA,NA,NA,HarvardX,NA
GOV1368.2x,10,1,"Saving Schools: History, Politics, and Policy of U.S. Education – Teacher Policies",Paul Peterson,"Humanities, History, Design, Religion, and Education",4,1,702,348,180,55.98,11.54,25.64,1.85,4.65,31,48.98,51.02,80.42,NA,NA,NA,HarvardX,NA
GOV1368.3x,10,1,"Saving Schools: History, Politics, and Policy of U.S. Education – Accountability and National Standards",Paul Peterson,"Humanities, History, Design, Religion, and Education",4,1,492,246,127,54.07,8.54,25.81,1.18,3.67,30,49.09,50.91,78.86,NA,NA,NA,HarvardX,NA
GOV1368.4x,10,1,"Saving Schools: History, Politics, and Policy of U.S. Education – School Choice",Paul Peterson,"Humanities, History, Design, Religion, and Education",4,1,511,212,113,49.71,5.68,22.11,1.08,4.44,31,48.48,51.52,74.39,NA,NA,NA,HarvardX,NA
ER22x,10,1,Justice,Michael Sandel,"Humanities, History, Design, Religion, and Education",4,1,30699,3607,1726,66.93,10.5,20.25,109.74,16.72,26,57.56,42.44,66.5,NA,NA,NA,HarvardX,NA
6.832x,10,1,Underactuated Robotics,"Russ Tedrake, Robin Deits, Twan Koolen","Science, Technology, Engineering, and Mathematics",4,1,10191,1066,148,59.74,0,7.12,45.06,74.06,24,91.04,8.96,61.19,NA,NA,NA,MITx,NA
20.305x,10,5,Principles of Synthetic Biology,"Adam Arkin, Ron Weiss","Science, Technology, Engineering, and Mathematics",4,1,11574,418,106,54.94,4.18,5.19,83.14,181.45,25,72.81,27.19,66.14,NA,NA,NA,MITx,NA
JPAL101x,10,5,Evaluating Social Programs,"Rachel Glennerster, Marc Shotland","Government, Health, and Social Science",4,1,4187,677,190,54.93,5.18,19.3,21.5,38.13,30,50.77,49.23,89.92,NA,NA,NA,MITx,NA
SPU30x,10,13,Super-Earths and Life,Dimitar Sasselov,"Science, Technology, Engineering, and Mathematics",4,1,29176,11250,4918,51.96,26.62,52.35,109,13.47,26,60.09,39.91,44.95,NA,NA,NA,HarvardX,NA
3.032.2x,10,14,"Mechanical Behavior of Materials: Stress Transformations, Beams, Columns, and Cellular Solids",Lorna J. Gibson,"Science, Technology, Engineering, and Mathematics",4,1,3178,1810,320,55.44,4.56,15.8,20.12,31.84,25,86.14,13.86,69.15,NA,NA,NA,MITx,NA
PH525.1x,10,15,Data Analysis for Genomics: Statistics and R,Rafael Irizarry,"Government, Health, and Social Science",4,1,18540,6950,793,60.5,3.07,4.28,64.81,23.29,28,65.94,34.06,84.7,NA,NA,NA,HarvardX,NA
8.421.2x,10,19,Atomic and Optical Physics: Atomic structure and atoms in external field,"Wolfgang Ketterle, David E. Pritchard, Isaac Chuang","Science, Technology, Engineering, and Mathematics",4,1,1178,484,94,59.76,6.2,22.16,9.8,50.19,27,86.54,13.46,71.11,NA,NA,NA,MITx,NA
6.00.2x,10,20,Introduction to Computational Thinking and Data Science,"Eric Grimson, John Guttag, Ana Bell",Computer Science,4,1,12426,2338,1516,70.46,7.48,31.47,167.8,69.53,28,85.39,14.61,74.43,NA,NA,NA,MITx,NA
SW12.1x,10,27,Political and Intellectual Foundations: From the Sage Kings to Confucius and the Legalists,"Peter Bol, Bill Kirby","Humanities, History, Design, Religion, and Education",4,1,6519,888,254,78.74,12.59,3.91,25.68,20.82,28,60.75,39.25,71.15,NA,NA,NA,HarvardX,NA
SW12.2x,10,27,The Creation and End of Centralized Empire,"Peter Bol, Bill Kirby","Humanities, History, Design, Religion, and Education",4,1,849,275,112,76.44,20.26,13.19,6.84,20.91,30,64.29,35.71,75.56,NA,NA,NA,HarvardX,NA
SW12.3x,10,27,Cosmopolitan Tang: Aristocratic Culture,"Peter Bol, Bill Kirby","Humanities, History, Design, Religion, and Education",4,1,729,202,92,79.15,14.95,12.62,3.44,12.5,28,54.39,45.61,73.78,NA,NA,NA,HarvardX,NA
SW12.4x,10,27,Literati China: Examinations and Neo-Confucianism,"Peter Bol, Bill Kirby","Humanities, History, Design, Religion, and Education",4,1,427,195,58,66.51,17.8,13.58,3.11,18.05,31,66.38,33.62,73.96,NA,NA,NA,HarvardX,NA
SW12.5x,10,27,From a Global Empire under the Mongols to a Global Economy under the Ming Dynasty,"Peter Bol, Bill Kirby","Humanities, History, Design, Religion, and Education",4,1,461,197,66,67.03,11.71,14.32,2.27,15.9,31,66.67,33.33,77.47,NA,NA,NA,HarvardX,NA
10.03x,10,27,Making Biologic Medicines for Patients: The Principles of Biopharmaceutical Manufacturing,"J. Christopher Love, Anthony J. Sinskey, Dr.  Stacy L. Springs, Dr. Paul W. Barone, Betsy Skrip, Nicholas Mozdzierz, Eric Miller","Government, Health, and Social Science",4,1,2599,1172,436,69.41,16.93,42.17,30.39,33.65,28,59.53,40.47,76.87,NA,NA,NA,MITx,NA
7.28.2x,10,27,Molecular Biology: Transcription and Transposition,"Stephen P. Bell, Tania A. Baker, Mary Ellen Wiltrout, Nathaniel Schafheimer, Sera Thornton","Science, Technology, Engineering, and Mathematics",4,1,2860,920,333,63.64,6.78,33.36,47.23,77.55,29,59.1,40.9,76.33,NA,NA,NA,MITx,NA
SW12.10x,11,2,"Greater China Today: The People's Republic, Taiwan, and Hong Kong","Peter Bol, Bill Kirby","Humanities, History, Design, Religion, and Education",4,1,948,246,65,74.26,8.44,6.86,4.94,20.87,27,66.45,33.55,73.56,NA,NA,NA,HarvardX,NA
SW12.6x,11,2,The Manchus and the Qing Dynasty,"Peter Bol, Bill Kirby","Humanities, History, Design, Religion, and Education",4,1,1381,257,145,72.56,9.12,10.57,3.66,8.38,26,60.8,39.2,68.16,NA,NA,NA,HarvardX,NA
SW12.7x,11,2,"Invasions, Rebellions and the Fall of Imperial China","Peter Bol, Bill Kirby","Humanities, History, Design, Religion, and Education",4,1,385,199,67,72.73,18.7,17.4,2.03,12.05,31,60.84,39.16,79.67,NA,NA,NA,HarvardX,NA
SW12.8x,11,2,Creating Modern China: The Birth of a Nation,"Peter Bol, Bill Kirby","Humanities, History, Design, Religion, and Education",4,1,422,195,56,73.22,14.22,13.27,2.02,12.21,30,62.09,37.91,79.69,NA,NA,NA,HarvardX,NA
SW12.9x,11,2,China and Communism,"Peter Bol, Bill Kirby","Humanities, History, Design, Religion, and Education",4,1,515,192,60,74.17,11.07,11.65,1.95,10.3,27,68.67,31.33,74.94,NA,NA,NA,HarvardX,NA
VJx,11,10,"Visualizing Japan (1850s-1930s): Westernization, Protest, Modernity","Andrew Gordon, John Dower, Shigeru Miyagawa","Humanities, History, Design, Religion, and Education",4,1,4842,770,249,68.26,7.43,5.14,18.37,25.89,26,58.87,41.13,65.96,NA,NA,NA,HarvardX,NA
3.032.3x,11,11,Mechanical Behavior of Materials: Time Dependent Behavior and Failure,Lorna J. Gibson,"Science, Technology, Engineering, and Mathematics",4,1,2075,753,179,53.69,4.24,15.71,14.81,43.47,25,85.25,14.75,75.33,NA,NA,NA,MITx,NA
PH525.2x,11,15,Data Analysis for Genomics: Matrix Algebra and Linear Models,Rafael Irizarry,"Government, Health, and Social Science",4,1,3654,1850,444,54.71,1.7,12.15,10.6,11.25,29,74.66,25.34,84.27,NA,NA,NA,HarvardX,NA
MUS24x,11,16,First Nights: Handel’s Messiah and Baroque Oratorio,Tom Kelly,"Humanities, History, Design, Religion, and Education",4,1,3806,1790,478,78.09,14.61,12.56,12.87,8.41,36,52.87,47.13,71.11,NA,NA,NA,HarvardX,NA
8.421.3x,11,16,Atomic and Optical Physics: Atom-Light Interactions 1 -- Matrix elements and quantized field,"Wolfgang Ketterle, David E. Pritchard, Isaac Chuang","Science, Technology, Engineering, and Mathematics",4,1,790,290,63,55.06,6.58,17.09,6.44,56.85,26,87.2,12.8,71.74,NA,NA,NA,MITx,NA
6.004.2x,11,17,Computation Structures: Computer Architecture,"Chris Terman, Steve Ward, Silvina Hanono Wachman",Computer Science,4,1,8495,1161,406,49.38,4.13,7.68,56.13,80.09,25,88.58,11.42,61.03,NA,NA,NA,MITx,NA
24.09x,11,17,Philosophy: Minds and Machines,Alex Byrne,"Humanities, History, Design, Religion, and Education",4,1,10837,997,383,61.87,7.93,8.41,94.63,73.07,29,73.34,26.66,67.25,NA,NA,NA,MITx,NA
18.01.2x,12,1,Calculus: Integration,David Jerison,"Science, Technology, Engineering, and Mathematics",4,1,7260,1216,336,59.39,5.99,17.41,114.85,170.68,25,81.46,18.54,51.52,NA,NA,NA,MITx,NA
PH557x,12,3,Lessons from Ebola: Preventing the Next Pandemic,Ashish Jha,"Government, Health, and Social Science",4,1,3072,1479,616,70.54,14.71,39.62,14.21,12.82,27,45.49,54.51,70.64,NA,NA,NA,HarvardX,NA
8.421.4x,12,14,Atomic and Optical Physics: Atom-Light Interactions 2: Line Broadening and Two-Photon Transitions,"Wolfgang Ketterle, David E. Pritchard, Isaac Chuang","Science, Technology, Engineering, and Mathematics",4,1,658,221,48,47.57,5.93,18.54,3.88,42.5,26,85.01,14.99,71.48,NA,NA,NA,MITx,NA
PH525.3x,12,15,Data Analysis for Genomics: Statistical Inference and Modeling for High-throughput Experiments,Rafael Irizarry,"Government, Health, and Social Science",4,1,2379,1192,277,47.88,3.15,11.64,8.89,16.68,29,70.28,29.72,85.62,NA,NA,NA,HarvardX,NA
CS50x,1,1,Introduction to Computer Science (2016),NA,Computer Science,4,1,168335,10245,417,69.02,0,0,708.69,0,23,77.44,22.56,49.51,NA,NA,NA,NA,HarvardX
6.302.0x,1,4,Introduction to Feedback Control Theory,"Jacob White, Joe Steinmeyer","Science, Technology, Engineering, and Mathematics",4,1,8377,3783,127,12.25,2.6,7.09,21.3,42.73,25,92.54,7.46,64.22,NA,NA,NA,NA,MITx
HLS2x,1,7,Contracts Law: From Trust to Promise to Contract,Charles Fried,"Government, Health, and Social Science",4,1,13798,3365,2231,59.13,24.03,38.35,97.71,28.01,29,60.16,39.84,75.91,NA,NA,NA,NA,HarvardX
8.MECHCx,1,7,Advanced Introductory Classical Mechanics,"David E. Pritchard, Chris Chudzicki, Zhongzhou Chen","Science, Technology, Engineering, and Mathematics",4,1,5747,303,101,54.76,4.07,8.77,53.1,200.43,23,84.11,15.89,49.44,NA,NA,NA,NA,MITx
6.00.1x,1,13,Introduction to Computer Science and Programming Using Python,"Eric Grimson, John Guttag, Ana Bell",Computer Science,4,1,63658,8805,3744,51.8,7.19,36.31,248.96,17.62,26,81.23,18.77,61.74,NA,NA,NA,NA,MITx
PH525.4x,1,15,Data Analysis for Genomics: Introduction to High-Dimensional Data Analysis,Rafael Irizarry,"Government, Health, and Social Science",4,1,2321,1080,193,47.78,2.24,8.32,8.21,16.76,29,72.57,27.43,87.18,NA,NA,NA,NA,HarvardX
8.421.5x,1,15,Atomic and Optical Physics: Coherence,"Wolfgang Ketterle, David E. Pritchard, Isaac Chuang","Science, Technology, Engineering, and Mathematics",4,1,639,206,26,46.32,3.6,14.71,2.6,37.45,27,85.6,14.4,74.21,NA,NA,NA,NA,MITx
PH556x,1,20,Practical Improvement Science in Health Care: A Roadmap for Getting Results,"Don Goldmann, Dave Williams, Don Berwick","Government, Health, and Social Science",4,1,6792,2767,903,57.14,35.28,44.38,19.79,9.39,40,37.24,62.76,91.03,NA,NA,NA,NA,HarvardX
MUS24x,1,21,First Nights: Beethoven's 9th Symphony,Tom Kelly,"Humanities, History, Design, Religion, and Education",4,1,4237,2302,587,79.75,5.15,25.96,19.23,11.85,31,59.95,40.05,68.39,NA,NA,NA,NA,HarvardX
PH231x,1,25,Readings in Global Health,David Hunter,"Government, Health, and Social Science",4,1,5309,1094,419,64.23,6.33,28.12,29.9,37.04,31,44.81,55.19,83.58,NA,NA,NA,NA,HarvardX
LAUNCH.x,1,25,Becoming an Entrepreneur,Laurie Stach,"Government, Health, and Social Science",4,0,18183,3805,239,70.58,15.71,38.4,45.76,16.21,27,76.21,23.79,67.37,NA,NA,NA,NA,MITx
3.054.1x,1,27,"Cellular Solids: Structures, Properties and Engineering Applications",Lorna J. Gibson,"Science, Technology, Engineering, and Mathematics",4,1,2456,403,99,55.82,4.11,10.34,16.98,73.52,26,79.53,20.47,72.65,NA,NA,NA,NA,MITx
11.132x,1,27,Design and Development of Educational Technology,"Eric Klopfer, Scot Osterweil, Judy Perry","Humanities, History, Design, Religion, and Education",4,0,8405,2152,160,59.88,0,17.13,28.24,31.36,32,59.5,40.5,83.34,NA,NA,NA,NA,MITx
21W.789x,2,1,Mobile Application Experiences: From a Domain to an App Idea,"Frank Bentley, Ed Barrett",Computer Science,4,0,16407,3058,23,62.13,5.18,9.72,27.77,22.17,28,80.16,19.84,68.29,NA,NA,NA,NA,MITx
6.041x,2,2,Introduction to Probability: The Science of Uncertainty,"John Tsitsiklis, Patrick Jaillet, Aliaa Atwi, Dimitri Bertsekas, Qing He, Jimmy Li, Jagdish Ramakrishnan, Katie Szeto, Kuang Xu","Science, Technology, Engineering, and Mathematics",4,0,17354,1830,136,67.28,3.09,12.22,269.33,212.83,27,83.52,16.48,72.77,NA,NA,NA,NA,MITx
16.110x,2,9,Flight Vehicle Aerodynamics,"Mark Drela, Alejandra Uranga","Science, Technology, Engineering, and Mathematics",4,1,9788,257,58,40.32,1.2,2.05,28.77,160.04,22,89.61,10.39,54.22,NA,NA,NA,NA,MITx
CTL.SC1x,2,10,Supply Chain and Logistics Fundamentals,Chris Caplice,"Government, Health, and Social Science",4,1,18686,4844,2471,80.21,20.05,33.93,674.4,158,29,77.2,22.8,84.06,NA,NA,NA,NA,MITx
PH525.5x,2,15,Data Analysis for Genomics: Introduction to Bioconductor: Annotation and Analysis of Genomes and Genomic Assays,Rafael Irizarry,"Government, Health, and Social Science",4,1,1409,645,120,48.12,3.34,8.52,5.99,21.84,29,68.36,31.64,89,NA,NA,NA,NA,HarvardX
EMC2x,2,16,The Einstein Revolution,Peter Galison,"Humanities, History, Design, Religion, and Education",4,0,5571,425,9,69.22,6.46,13.95,20.91,86.81,27,68.66,31.34,62.59,NA,NA,NA,NA,HarvardX
12.340x,2,16,Global Warming Science,"Kerry Emanuel, Dan Cziczo, David McGee","Science, Technology, Engineering, and Mathematics",4,0,3842,745,51,57.63,5.36,18.69,25.06,101.75,26,65.37,34.63,67.98,NA,NA,NA,NA,MITx
8.05.1x,2,17,Mastering Quantum Mechanics: Wave Mechanics,"Barton Zwiebach, Saif Rayyan","Science, Technology, Engineering, and Mathematics",4,0,8936,1270,55,73.06,5.14,14.67,72.3,111.02,25,86.78,13.22,61.23,NA,NA,NA,NA,MITx
14.73x,2,22,The Challenges of Global Poverty,"Esther Duflo, Abhijit Vinayak Banerjee","Government, Health, and Social Science",4,1,4250,494,296,64.96,6.59,22.45,45.06,85.52,27,54.14,45.86,78.42,NA,NA,NA,NA,MITx
SW25x,2,23,Global Health Case Studies from a Biosocial Perspective,"Arthur Kleinman, Paul Farmer, Salmaan Keshavjee, Anne Becker","Government, Health, and Social Science",4,1,4050,691,472,58.47,15.36,33.06,28.87,37.03,27,40.9,59.1,76.79,NA,NA,NA,NA,HarvardX
21W.789.2x,2,29,Mobile Application Experiences: Mobile App Design,"Frank Bentley, Ed Barrett",Computer Science,4,0,4522,1324,27,54.49,1.81,10.37,5.8,13.11,27,75.3,24.7,72.03,NA,NA,NA,NA,MITx
HDS3221.1x,3,1,"World Religions Through their Scriptures: Religious Literacy, Traditions and Scriptures",Diane Moore,"Humanities, History, Design, Religion, and Education",4,0,22153,4897,282,77.24,34.35,1.28,79.36,26.43,39,36.96,63.04,78.46,NA,NA,NA,NA,HarvardX
6.00.2x,3,2,Introduction to Computational Thinking and Data Science,"Eric Grimson, John Guttag, Ana Bell",Computer Science,4,0,14003,2182,513,64.74,5.99,22.88,144.07,73.23,26,85.3,14.7,72.2,NA,NA,NA,NA,MITx
PH525.6x,3,15,Data Analysis for Genomics: High-performance Computing for Reproducible Genomics,Rafael Irizarry,"Government, Health, and Social Science",4,0,1546,502,19,35.12,2.39,1.23,2.99,23.84,28,72.83,27.17,84.66,NA,NA,NA,NA,HarvardX
HLS2x,3,18,Contracts Law: From Trust to Promise to Contract,Charles Fried,"Government, Health, and Social Science",4,0,13260,1955,587,64.8,12.55,4.54,50.6,23.64,28,58.53,41.47,73.01,NA,NA,NA,NA,HarvardX
8.05.2x,3,23,Mastering Quantum Mechanics: Quantum Dynamics,"Barton Zwiebach, Saif Rayyan","Science, Technology, Engineering, and Mathematics",4,0,1862,547,40,51.93,5.8,21.8,25.48,93.84,25,89.36,10.64,69.23,NA,NA,NA,NA,MITx
21W.789.3x,3,28,Mobile Application Experiences: Building Mobile Apps,"Frank Bentley, Ed Barrett",Computer Science,4,0,4276,1000,9,52.78,1.29,5,4.28,14.64,25,82.65,17.35,63.35,NA,NA,NA,NA,MITx
15.662x,3,28,Shaping the Future of Work,"Thomas Kochan, Gokce Basbug, Meryam Bukari, Shahid Azad, Kanika Almadi","Government, Health, and Social Science",4,0,2583,446,51,65.51,12.08,19.36,10.78,27.19,30,64.17,35.83,76.56,NA,NA,NA,NA,MITx
18.01.3x,3,29,Calculus: Coordinate Systems and Infinite Series,David Jerison,"Science, Technology, Engineering, and Mathematics",4,1,3749,1206,233,55.75,0.16,22.99,44.72,90.87,25,83.4,16.6,58.93,NA,NA,NA,NA,MITx
7.QBWx,3,29,Quantitative Biology Workshop,"Jeff Gore, Paul Blainey, Eric S. Lander, Ernest Fraenkel, Mary Ellen Wiltrout, Nathaniel Schafheimer","Science, Technology, Engineering, and Mathematics",4,0,3294,552,70,61.51,8.74,31.36,45.41,94.76,27,62.65,37.35,74.65,NA,NA,NA,NA,MITx
HDS3221.2x,4,5,World Religions Through their Scriptures: Christianity,Karen King,"Humanities, History, Design, Religion, and Education",4,0,10188,2810,138,75.31,20.95,1.41,37.58,28.9,37,51.04,48.96,73.72,NA,NA,NA,NA,HarvardX
AMPOx.6,4,8,Poetry in America: Modernism,Elisa New,"Humanities, History, Design, Religion, and Education",4,0,3049,759,45,72.94,18.6,1.57,24.48,59.94,36,39.5,60.5,75.44,NA,NA,NA,NA,HarvardX
3.054.2x,4,8,Cellular Solids: Applications in Medicine,Lorna J. Gibson,"Science, Technology, Engineering, and Mathematics",4,1,510,416,53,47.84,5.1,16.47,2.53,26.52,27,73.36,26.64,73.97,NA,NA,NA,NA,MITx
15.071x,4,12,The Analytics Edge,"Dimitris Bertsimas, Allison O'Hair, John Silberholz, Iain Dunning, Angie King, Velibor Misic, Nataly Youssef, Alex Weinstein, Jerry Kung","Government, Health, and Social Science",4,0,33044,5346,1417,71.69,8.73,35.78,710.96,135.79,29,80.37,19.63,85.9,NA,NA,NA,NA,MITx
PH525.7x,4,15,Data Analysis for Genomics: Case Studies in Functional Genomics,Rafael Irizarry,"Government, Health, and Social Science",4,0,1716,462,12,48.08,2.68,0.7,5.68,34.33,28,62.38,37.62,84.84,NA,NA,NA,NA,HarvardX
GSE3x,4,19,Introduction to Data Wise: A Collaborative Process to Improve Learning and Teaching,Kathryn Parker Boudett,"Humanities, History, Design, Religion, and Education",4,0,2493,803,63,65.3,29.12,2.61,10.31,16.94,37,35.31,64.69,92.08,NA,NA,NA,NA,HarvardX
11.405x,4,19,Just Money: Banking as if Society Mattered,"J. Phillip Thompson, Katrin Kaeufer, Lily Steponaitis","Government, Health, and Social Science",4,0,4955,1274,254,61.59,0,20.14,24.76,21.67,34,60.61,39.39,81.85,NA,NA,NA,NA,MITx
21W.789.4x,4,25,Mobile Application Experiences: Understanding Use,"Frank Bentley, Ed Barrett",Computer Science,4,0,664,228,5,43.37,1.2,9.49,0.62,7.38,29,79.28,20.72,77.39,NA,NA,NA,NA,MITx
11.126x,4,27,Introduction to Game Design,"Eric Klopfer, Philp Tan, Sara Verrilli","Humanities, History, Design, Religion, and Education",4,0,9933,923,121,58.4,0,16.3,27.02,27.33,26,76.72,23.28,58.91,NA,NA,NA,NA,MITx
8.05.3x,4,27,Mastering Quantum Mechanics: Entanglement and Angular Momentum,"Barton Zwiebach, Saif Rayyan","Science, Technology, Engineering, and Mathematics",4,0,1236,379,35,52.43,6.15,23.38,19.33,103.22,27,91.1,8.9,71.51,NA,NA,NA,NA,MITx
MUS24.1x,4,28,First Nights: L'Orfeo,Tom Kelly,"Humanities, History, Design, Religion, and Education",4,0,1199,639,43,78.23,6.42,3.75,4.94,8.01,40,53.63,46.37,78.46,NA,NA,NA,NA,HarvardX
JPAL101x,5,2,Evaluating Social Programs,"Rachel Glennerster, Marc Shotland","Government, Health, and Social Science",4,0,4130,828,166,60.22,7.43,29.64,33.63,47.71,30,49.49,50.51,89.32,NA,NA,NA,NA,MITx
HDS3221.3x,5,3,World Religions Through their Scriptures: Buddhism,Charles Hallisey,"Humanities, History, Design, Religion, and Education",4,0,8758,1710,94,71.61,17.32,1.07,25.96,26.27,36,50.28,49.72,75.56,NA,NA,NA,NA,HarvardX
GSE2x,5,11,Leaders of Learning,Richard Elmore,"Humanities, History, Design, Religion, and Education",4,0,9743,1271,202,70.53,14.6,2.12,20.17,14.46,31,48.89,51.11,78.93,NA,NA,NA,NA,HarvardX
3.054.3x,5,11,Cellular Solids: Applications in Nature,Lorna J. Gibson,"Science, Technology, Engineering, and Mathematics",4,1,362,283,24,45.86,7.18,12.71,1.55,23.31,28,77.21,22.79,80.07,NA,NA,NA,NA,MITx
CTL.SC2x,5,18,Supply Chain Design,"Chris Caplice, Yossi Sheffi, Jarrod Goentzel, James Blayney Rice Jr.","Government, Health, and Social Science",4,0,12455,2814,1510,77.06,17.05,24.23,355.29,142.79,30,77.19,22.81,85.81,NA,NA,NA,NA,MITx
21W.789.5x,5,23,Mobile Application Experiences: Reporting Research Findings,"Frank Bentley, Ed Barrett",Computer Science,4,0,322,187,4,25.78,1.55,1.86,0.11,6.88,29,76.1,23.9,72.45,NA,NA,NA,NA,MITx
MCB64.1x,5,25,Cell Biology: Mitochondria,Rob Lue,"Science, Technology, Engineering, and Mathematics",4,0,8297,1933,268,74.58,11.29,3.25,39.56,18.06,28,53.86,46.14,63.2,NA,NA,NA,NA,HarvardX
3.15.1x,5,25,Electronic Materials and Devices,Caroline Ross,"Science, Technology, Engineering, and Mathematics",4,0,7898,2066,94,56.24,2.14,9.01,28.25,53.65,24,85.28,14.72,56.87,NA,NA,NA,NA,MITx
HDS3221.4x,6,1,World Religions Through Their Scriptures: Islam,Ali Asani,"Humanities, History, Design, Religion, and Education",4,0,8695,1663,127,71.71,19.92,1.47,39.83,35.64,31,50.2,49.8,74.37,NA,NA,NA,NA,HarvardX
7.28.1x1,6,7,Molecular Biology: DNA Replication and Repair,"Stephen P. Bell, Tania A. Baker, Mary Ellen Wiltrout, Nathaniel Schafheimer, Sera Thornton","Science, Technology, Engineering, and Mathematics",4,0,4825,715,92,67.83,5.37,33.49,29.82,49.8,26,54.56,45.44,68.23,NA,NA,NA,NA,MITx
6.00.1x,6,7,Introduction to Computer Science and Programming,"Eric Grimson, John Guttag, Ana Bell",Computer Science,4,0,21212,3473,947,74.42,8.73,44.23,485.85,119.57,24,80.63,19.37,58.76,NA,NA,NA,NA,MITx
ENGSCI137x,6,8,Energy Within Environmental Constraints,David Keith,"Science, Technology, Engineering, and Mathematics",4,0,8017,1515,339,70.89,17.28,29.46,94.63,94.35,27,68.41,31.59,74.91,NA,NA,NA,NA,HarvardX
10.03x,6,14,Making Biologic Medicines for Patients: The Principles of Biopharmaceutical Manufacturing,"J. Christopher Love, Anthony J. Sinskey, Dr.  Stacy L. Springs, Dr. Paul W. Barone, Betsy Skrip, Nicholas Mozdzierz, Eric Miller","Government, Health, and Social Science",4,0,2604,928,207,70.01,20.01,43.74,17.5,25.22,26,55.66,44.34,72.52,NA,NA,NA,NA,MITx
2.01x,6,22,Elements of Structures,"Simona Socrate, Alexie M. Kolpak","Science, Technology, Engineering, and Mathematics",4,0,4014,515,46,66.87,5.75,11.96,27.31,75.91,25,86.64,13.36,64.59,NA,NA,NA,NA,MITx
LAUNCHx,6,27,Becoming an Entrepreneur,Laurie Stach,"Government, Health, and Social Science",4,0,22959,3969,320,68.26,25.01,26.01,37.86,13.39,27,74.69,25.31,65.51,NA,NA,NA,NA,MITx
6.002.1x,6,28,Circuits and Electronics: Basic Circuit Analysis,"Anant Agarwal, Gerald Sussman, Piotr Mitros, Chris Terman, Bonnie Lam","Science, Technology, Engineering, and Mathematics",4,0,12218,1518,18,72.14,2.5,0.15,56.54,74.74,24,85.89,14.11,51.66,NA,NA,NA,NA,MITx
6.002.2x,6,28,"Circuits and Electronics: Amplification, Speed, and Delay","Anant Agarwal, Gerald Sussman, Piotr Mitros, Chris Terman, Bonnie Lam","Science, Technology, Engineering, and Mathematics",4,0,1645,281,2,53.43,1.88,0.12,7.09,45.38,23,88.69,11.31,54.7,NA,NA,NA,NA,MITx
3.15.2x,6,29,Optical Materials and Devices,Caroline Ross,"Science, Technology, Engineering, and Mathematics",4,0,2335,792,65,50.71,4.03,13.83,11.1,41.1,24,82.87,17.13,63.95,NA,NA,NA,NA,MITx
HDS3221.5x,7,5,World Religions Through their Scriptures: Hinduism,Neelima Shukla-Bhatt,"Humanities, History, Design, Religion, and Education",4,0,4553,1051,70,73.34,16.65,1.54,18.76,26.74,31,56.97,43.03,74.39,NA,NA,NA,NA,HarvardX
11.133x,7,14,Implementation and Evaluation of Educational Technology,"Eric Klopfer, Elizabeth Huttner-Loan","Humanities, History, Design, Religion, and Education",4,0,2402,1232,128,59.62,0,24.31,8.59,23.6,34,58.2,41.8,86.84,NA,NA,NA,NA,MITx
MUS24.4x,7,21,First Nights: Symphonie Fantastique,Tom Kelly,"Humanities, History, Design, Religion, and Education",4,0,615,305,20,80.81,8.78,3.25,1.71,5.93,38,56.82,43.18,74.66,NA,NA,NA,NA,HarvardX
GSE4x,7,25,Introduction to Family Engagement in Education,Karen Mapp,"Humanities, History, Design, Religion, and Education",4,0,2871,267,20,70.11,0,0.7,4.26,11.33,34,25.24,74.76,82.31,NA,NA,NA,NA,HarvardX
6.302.0x,8,1,Introduction to Control System Design,"Jacob White, Joe Steinmeyer","Science, Technology, Engineering, and Mathematics",4,0,3937,974,49,12.27,4.72,8.23,15.62,58.5,24,91.17,8.83,61.32,NA,NA,NA,NA,MITx
6.302.1x,8,1,Introduction to State Space Control,"Jacob White, Joe Steinmeyer","Science, Technology, Engineering, and Mathematics",4,0,1431,208,8,0,3.84,5.73,3.22,62.38,25,93.44,6.56,72.31,NA,NA,NA,NA,MITx
3.15.3x,8,3,Magnetic Materials and Devices,Caroline Ross,"Science, Technology, Engineering, and Mathematics",4,0,1294,364,38,49.92,4.4,14.3,6.87,40.59,25,85.95,14.05,65.78,NA,NA,NA,NA,MITx
